user_id,sex,age,recent_cold,hexaco.A,hexaco.C,hexaco.E,hexaco.H,hexaco.O,hexaco.X,img,pd,PVDga,PVDpi,recency,WFD,WFN,WMD,WMN,recency.z,PVDga.z,PVDpi.z,img.z,pd.z
1,NA,NA,not recent,3.6,4.2,3.5,3.5,2.7,3.9,1.5714285714285714,3.4285714285714284,2.125,3.142857142857143,3.75,1,1,1,1,0.1832239974697167,-1.561535579472117,-0.3957256213292765,-2.3774216835125217,-1.647605610119982
2,NA,NA,not recent,3.5,3.8,4.2,2.4,3.1,4.4,2.2857142857142856,3,2.625,4,1.25,2,1.4,2.4,1.4,-1.3168991590033197,-1.1104128321147395,0.27503347821128177,-1.7630455477629499,-2.099404692840468
3,NA,NA,not recent,4.1,3,4.2,4,2.5,3,3.4285714285714284,4.142857142857143,4,2,2.25,1.3,1,1.6,1,-0.7168498964141051,0.1301747231180492,-1.290071087383354,-0.7800437305636353,-0.8946071389191713
5,NA,NA,not recent,3,4.2,3.1,4.6,3.3,2.1,5,4.857142857142857,5.875,2,1.25,1,1,1,1,-1.3168991590033197,1.8218850257082155,-1.290071087383354,0.57158376808542255,-0.14160866771836197
6,NA,NA,not recent,2.2,4.2,3.5,2.7,3.5,2.1,4.857142857142857,5.428571428571429,4.5,2,2.25,1.1,1,1.4,1.6,-0.7168498964141051,0.5812974704754269,-1.290071087383354,0.4487085409355078,0.46079010924228686
7,NA,NA,recent,2.2,3.9,3.9,2.7,3.5,3.5,4.714285714285714,5.714285714285714,4.75,5.428571428571429,4.25,1,1,1,1,0.483248628764324,0.8068588441541157,1.392965310778879,0.32583331378559394,0.7619894977226108
8,NA,NA,not recent,3.2,2.4,2.9,3.1,4.8,3.5,4.142857142857143,4.428571428571429,2.5,3.4285714285714284,2.5,2.2,2.3,2.7,3.7,-0.5668375807668016,-1.223193518954084,-0.17213925481575718,-0.16566759481406318,-0.5934077504388474
9,NA,NA,not recent,3.5,4.6,4.1,4.3,4.4,2.7,3.142857142857143,4,3,2.5714285714285716,1,1,1,1,1,-1.4669114746506233,-0.7720707715967062,-0.8428983543563151,-1.025794184863464,-1.0452068331593338
10,NA,NA,not recent,2.8,4.2,3.4,3.3,1.6,3,4.428571428571429,5.285714285714286,5.25,4.285714285714286,1,2.1,1,2,1,-1.4669114746506233,1.2579815915114934,0.4986198447248011,0.08008285948576539,0.3101904150021244
11,NA,NA,not recent,3.5,4.3,3.6,3.6,3.3,3.9,3.5714285714285716,5.571428571428571,6.25,6.571428571428571,3.25,1,1,1,1,-0.11680063382489059,2.1602270862262487,2.2873107768329564,-0.6571685034137207,0.6113898034824484
12,NA,NA,not recent,3.3,3.2,2,3.8,3.4,3.9,3.5714285714285716,4.142857142857143,3,3.857142857142857,3.5,2.8,1.1,2.2,1.2,0.033211681822413054,-0.7720707715967062,0.16324029495452214,-0.6571685034137207,-0.8946071389191713
13,NA,NA,not recent,3,4.1,3.4,3.5,3.2,3.7,5.857142857142857,5.714285714285714,6.5,2.7142857142857144,2,4.4,1,3.8,3.2,-0.8668622120614088,2.3857884599049375,-0.7311051710995555,1.3088351309849082,0.7619894977226108
14,NA,NA,recent,3.7,4.3,4.2,3.9,4.2,2.6,4.714285714285714,4.571428571428571,4.5,5,6.5,3.2,1.4,3.8,2.4,1.8333594695900568,0.5812974704754269,1.0575857610085997,0.32583331378559394,-0.4428080561986859
15,NA,NA,not recent,3.8,4,2.8,3.7,3.8,4.3,3.142857142857143,5.285714285714286,3,3.4285714285714284,2.5,1.4,1,1.4,1,-0.5668375807668016,-0.7720707715967062,-0.17213925481575718,-1.025794184863464,0.3101904150021244
16,NA,NA,not recent,3.1,4,3.5,3.4,3,3.4,5,5.857142857142857,4.625,4.428571428571429,3.75,3.8,1.8,4.4,2.3,0.1832239974697167,0.6940781573147713,0.610413027981561,0.57158376808542255,0.9125891919627723
17,NA,NA,not recent,4.1,3.8,2.7,3.7,3.4,3.1,5.428571428571429,5.857142857142857,4.125,3,1.5,1.1,1,1,1,-1.1668868433560162,0.24295540995739362,-0.5075188045860362,0.9402094495351657,0.9125891919627723
18,NA,NA,recent,2.3,4.1,4.1,2.2,3.1,3.8,4.571428571428571,5.857142857142857,5.25,5,6.25,1.1,1,1.1,1,1.6833471539427531,1.2579815915114934,1.0575857610085997,0.2029580866356793,0.9125891919627723
19,NA,NA,recent,3.3,4.4,4.1,4,3.9,3.8,6,6.714285714285714,6.25,3.5714285714285716,7,1.5,1,1.2,1,2.133384100884664,2.1602270862262487,-0.06034607155899718,1.431710358134823,1.816187357403745
20,NA,NA,not recent,3.3,4,2.9,3.7,4,2.7,3.4285714285714284,3.857142857142857,3.5,2.2857142857142856,1.75,3,2,2.9,2.2,-1.0168745277087126,-0.3209480242393285,-1.0664847208698347,-0.7800437305636353,-1.1958065273994958
21,NA,NA,not recent,3.2,2.5,4.1,2.8,1.9,3.7,2.7142857142857144,4.428571428571429,2.125,3.857142857142857,2.5,3.6,1.5,3.4,2.3,-0.5668375807668016,-1.561535579472117,0.16324029495452214,-1.3944198663132068,-0.5934077504388474
22,NA,NA,recent,3.5,4.2,4.4,3.8,4,4.4,2.857142857142857,5.428571428571429,3.875,4,6.25,1.7,1,2.2,1,1.6833471539427531,0.01739403627870477,0.27503347821128177,-1.2715446391632925,0.46079010924228686
23,NA,NA,not recent,2.7,3.8,3.9,3.7,3.1,3.2,5.142857142857143,5,3.75,2.857142857142857,3.75,2.6,1.2,2.3,1.9,0.1832239974697167,-0.09538665056063965,-0.6193119878427958,0.6944589952353372,0.008991026521800477
25,NA,NA,not recent,3.8,4.3,4,3,2.9,3.3,5.857142857142857,6,4,3.857142857142857,1.75,3.3,1.2,3.9,2.4,-1.0168745277087126,0.1301747231180492,0.16324029495452214,1.3088351309849082,1.0631888862029348
26,NA,NA,not recent,3.7,3.4,4.5,3.5,3.1,2.5,4.428571428571429,5.857142857142857,3.5,2.142857142857143,3,1.4,1,1.9,1,-0.26681294947219425,-0.3209480242393285,-1.1782779041265945,0.08008285948576539,0.9125891919627723
27,NA,NA,recent,2.8,3.1,2.9,3.3,3.1,3.5,5.857142857142857,5.714285714285714,4.25,4.142857142857143,6,1.3,1,1.4,1,1.5333348382954495,0.355736096796738,0.3868266614680418,1.3088351309849082,0.7619894977226108
28,NA,NA,recent,3.1,3.4,3.7,4.5,2.5,4,6.142857142857143,6.285714285714286,4.875,4.428571428571429,6.75,4.7,1.3,5,2.4,1.9833717852373605,0.9196395309934602,0.610413027981561,1.5545855852847374,1.3643882746832587
29,NA,NA,recent,3.6,4,4.2,3.3,2.8,3.7,6.428571428571429,6.714285714285714,5.375,4.571428571428571,6.5,3.4,1.1,3.2,1.3,1.8333594695900568,1.3707622783508377,0.7222062112383204,1.800336039584566,1.816187357403745
30,NA,NA,recent,3.2,4.6,3.6,3,2.5,1.7,1.4285714285714286,5.285714285714286,4.75,5.142857142857143,6.75,1.8,1.1,1.9,1.6,1.9833717852373605,0.8068588441541157,1.1693789442653597,-2.5002969106624358,0.3101904150021244
31,NA,NA,recent,2.9,4.3,3.5,3.8,4.2,3.7,3.4285714285714284,4.571428571428571,2.5,2.5714285714285716,4.75,1,1,1,1,0.7832732600589313,-1.223193518954084,-0.8428983543563151,-0.7800437305636353,-0.4428080561986859
32,NA,NA,not recent,2.7,3.6,4.2,4.1,3.6,2.4,5.285714285714286,5.714285714285714,3.125,4.571428571428571,1.25,5,2,5.9,3.2,-1.3168991590033197,-0.6592900847573617,0.7222062112383204,0.8173342223852511,0.7619894977226108
33,NA,NA,not recent,2.2,4.7,4.1,4,3.8,3.3,6,6,5.875,4.571428571428571,3.75,2.3,2,2.2,2.3,0.1832239974697167,1.8218850257082155,0.7222062112383204,1.431710358134823,1.0631888862029348
34,NA,NA,not recent,3.8,3.4,1.8,4,2.3,3.1,3.4285714285714284,3.2857142857142856,2.875,5,3.25,1.5,1.1,1.7,1,-0.11680063382489059,-0.8848514584360506,1.0575857610085997,-0.7800437305636353,-1.798205304360144
35,NA,NA,recent,2.9,3.2,2.6,2.4,4.3,4.1,1.2857142857142858,5.285714285714286,3.5,3.5714285714285716,6.5,1.3,1,1.1,1,1.8333594695900568,-0.3209480242393285,-0.06034607155899718,-2.6231721378123503,0.3101904150021244
36,NA,NA,not recent,3.5,2.7,3.9,3.8,2.6,3.8,6.571428571428571,5.571428571428571,5.25,3.857142857142857,2.25,3.5,1,3.6,1,-0.7168498964141051,1.2579815915114934,0.16324029495452214,1.92321126673448,0.6113898034824484
37,NA,NA,not recent,3.3,3.7,3.5,4.4,4.2,4,4.285714285714286,4.714285714285714,5.25,3.2857142857142856,2.25,1.3,1,1.5,1.2,-0.7168498964141051,1.2579815915114934,-0.28393243807251684,-0.04279236766414927,-0.29220836195852345
38,NA,NA,not recent,2.9,3.1,2.9,2.9,3.9,2.7,2.4285714285714284,3.2857142857142856,3,3.857142857142857,2.25,2,1,2,1,-0.7168498964141051,-0.7720707715967062,0.16324029495452214,-1.6401703206130356,-1.798205304360144
39,NA,NA,not recent,3.2,3.9,3.6,3.2,3.5,3.6,5.571428571428571,4.857142857142857,4.25,3.7142857142857144,3.5,3.6,1.4,4,1.1,0.033211681822413054,0.355736096796738,0.05144711169776247,1.0630846766850797,-0.14160866771836197
40,NA,NA,not recent,2.8,3.9,4.4,2.5,3.1,3.8,6,6.428571428571429,5.75,4.571428571428571,2,2.1,1,1.7,1,-0.8668622120614088,1.7091043388688711,0.7222062112383204,1.431710358134823,1.5149879689234211
41,NA,NA,recent,2.4,4.6,4,3.6,2.4,3.3,6.142857142857143,6.142857142857143,3.75,6.285714285714286,5.25,2.9,1,2.7,1,1.0832978913535385,-0.09538665056063965,2.063724410319437,1.5545855852847374,1.2137885804430972
42,NA,NA,recent,2.4,3,3.6,2.7,3.1,4.7,7,7.142857142857143,5.75,3.2857142857142856,5.25,5.3,2.2,5.2,2.3,1.0832978913535385,1.7091043388688711,-0.28393243807251684,2.291836948184223,2.2679864401242313
43,NA,NA,not recent,2.5,4.5,3.2,3.8,3.2,3.5,5.714285714285714,5.428571428571429,6.125,4.714285714285714,2.5,1.8,1.3,2.1,1.7,-0.5668375807668016,2.0474463993869043,0.8339993944950804,1.1859599038349944,0.46079010924228686
44,NA,NA,not recent,3.2,4.1,3.7,2.8,3.4,2.3,3.857142857142857,4.285714285714286,2.75,3,1.5,1.9,1,1.9,1,-1.1668868433560162,-0.997632145275395,-0.5075188045860362,-0.4114180491138921,-0.7440074446790098
45,NA,NA,not recent,3.9,3,2.5,4,3.6,2.2,3,4.285714285714286,3.125,2.4285714285714284,3.5,2.2,1.5,2,1.8,0.033211681822413054,-0.6592900847573617,-0.9546915376130751,-1.1486694120133782,-0.7440074446790098
46,NA,NA,recent,2.6,4.1,3.7,3.2,2.7,2.3,3.2857142857142856,3.2857142857142856,3,4.428571428571429,6,3,2.4,2.8,2,1.5333348382954495,-0.7720707715967062,0.610413027981561,-0.9029189577135496,-1.798205304360144
47,NA,NA,not recent,3.5,4.8,4.7,4.1,3.9,4.6,5.571428571428571,4.142857142857143,4,5,1.5,1,1.1,1.2,1.1,-1.1668868433560162,0.1301747231180492,1.0575857610085997,1.0630846766850797,-0.8946071389191713
48,NA,NA,not recent,3.2,3.3,3.3,2.6,2.4,3.2,5.428571428571429,6.857142857142857,5,3.857142857142857,1.75,2.6,1,2.8,1,-1.0168745277087126,1.0324202178328046,0.16324029495452214,0.9402094495351657,1.9667870516439065
49,NA,NA,recent,3.1,4.9,4.2,3,3.5,3.1,2.857142857142857,5.857142857142857,5.375,5,5.5,1,1,1,1,1.2333102070008422,1.3707622783508377,1.0575857610085997,-1.2715446391632925,0.9125891919627723
50,NA,NA,not recent,3.6,2.8,2,3.9,2.9,3.5,4,5.571428571428571,3.125,2.4285714285714284,1,1,1,1,1,-1.4669114746506233,-0.6592900847573617,-0.9546915376130751,-0.28854282196397785,0.6113898034824484
51,NA,NA,not recent,3.5,4.3,3.8,4.4,3.9,3.5,3.857142857142857,5.857142857142857,4.875,3,4.5,1,1,1.2,1.3,0.6332609444116276,0.9196395309934602,-0.5075188045860362,-0.4114180491138921,0.9125891919627723
52,NA,NA,recent,2.7,3.6,3.9,3,3,3.7,4.285714285714286,5.571428571428571,3.5,3.4285714285714284,7,2.5,1,2.3,1.2,2.133384100884664,-0.3209480242393285,-0.17213925481575718,-0.04279236766414927,0.6113898034824484
53,NA,NA,recent,3,4,3.8,4,2.6,4.5,2.5714285714285716,2.857142857142857,3.5,2.4285714285714284,5,1.6,1,1.3,1,0.9332855757062349,-0.3209480242393285,-0.9546915376130751,-1.517295093463121,-2.25000438708063
54,NA,NA,recent,3.7,4,3.3,3.3,3.2,4.6,5.857142857142857,6.714285714285714,6,2.857142857142857,4.25,4.8,1,4.5,1.3,0.483248628764324,1.93466571254756,-0.6193119878427958,1.3088351309849082,1.816187357403745
55,NA,NA,recent,3.7,4.3,3.1,3.1,2.7,2.3,4.571428571428571,4.857142857142857,3.625,2.7142857142857144,5,2.6,1.8,3.6,2.7,0.9332855757062349,-0.20816733739998408,-0.7311051710995555,0.2029580866356793,-0.14160866771836197
56,NA,NA,recent,4.3,4,3,3.3,3.7,4.3,4.428571428571429,4.571428571428571,3.625,2.7142857142857144,5.25,1.2,1,1.5,1.5,1.0832978913535385,-0.20816733739998408,-0.7311051710995555,0.08008285948576539,-0.4428080561986859
57,NA,NA,not recent,3.1,3.9,3.6,3.1,3.9,4.2,5.285714285714286,6.857142857142857,6,3.857142857142857,1.5,2.3,1,2,1,-1.1668868433560162,1.93466571254756,0.16324029495452214,0.8173342223852511,1.9667870516439065
58,NA,NA,not recent,4.1,3.4,3.9,2.9,2.2,3.6,2.857142857142857,5,5.125,3.7142857142857144,1.5,1.6,1.2,1.6,1.3,-1.1668868433560162,1.145200904672149,0.05144711169776247,-1.2715446391632925,0.008991026521800477
59,NA,NA,recent,3.3,3.5,4.3,2.9,3.5,3.9,4.857142857142857,4.857142857142857,4.375,3.857142857142857,3.5,4.3,1.6,3.9,2.4,0.033211681822413054,0.46851678363608246,0.16324029495452214,0.4487085409355078,-0.14160866771836197
60,NA,NA,not recent,2.4,2.8,4.6,4.2,4.4,3.6,2.7142857142857144,4,1.5,2.142857142857143,2,1.3,1,1.2,1,-0.8668622120614088,-2.125439013668839,-1.1782779041265945,-1.3944198663132068,-1.0452068331593338
61,NA,NA,recent,4.3,3.7,3.8,3.8,4,1.9,3.857142857142857,5.428571428571429,4,5,6.5,2.5,1.1,2.7,1.2,1.8333594695900568,0.1301747231180492,1.0575857610085997,-0.4114180491138921,0.46079010924228686
62,NA,NA,not recent,3.8,3.7,3.5,3.7,1.9,2,3.5714285714285716,5.714285714285714,4.375,2.142857142857143,2,3.5,2.3,3.3,2.9,-0.8668622120614088,0.46851678363608246,-1.1782779041265945,-0.6571685034137207,0.7619894977226108
63,NA,NA,not recent,3,3.2,3.4,2.7,3.4,3.3,4.428571428571429,5,3.125,3.142857142857143,2,1.4,1,1.5,1,-0.8668622120614088,-0.6592900847573617,-0.3957256213292765,0.08008285948576539,0.008991026521800477
65,NA,NA,not recent,3.8,3.6,3.3,2.8,2.4,2.6,5.285714285714286,6.714285714285714,5.5,4,1.5,1.5,1,1.9,1.6,-1.1668868433560162,1.4835429651901821,0.27503347821128177,0.8173342223852511,1.816187357403745
66,NA,NA,recent,3.3,3.3,3.6,3.8,3.1,3.6,6.571428571428571,6.428571428571429,5.625,6,5.5,1,1,1,1,1.2333102070008422,1.5963236520295268,1.8401380438059176,1.92321126673448,1.5149879689234211
67,NA,NA,not recent,2.8,5,3.9,3.5,2.8,2.6,1.2857142857142858,5.428571428571429,5.625,2.5714285714285716,1,1,1,1,1,-1.4669114746506233,1.5963236520295268,-0.8428983543563151,-2.6231721378123503,0.46079010924228686
68,NA,NA,not recent,3,4.1,4,3.9,1.6,3,3,4.857142857142857,3.875,6.285714285714286,1.75,1,1,1,1,-1.0168745277087126,0.01739403627870477,2.063724410319437,-1.1486694120133782,-0.14160866771836197
69,NA,NA,not recent,2.8,3.1,3.4,3,4.4,2.3,4.285714285714286,4.714285714285714,3,4.571428571428571,4,1,1,1,1,0.33323631311702034,-0.7720707715967062,0.7222062112383204,-0.04279236766414927,-0.29220836195852345
70,NA,NA,recent,2.2,4,3.3,2.4,2.3,2.9,4.285714285714286,5.714285714285714,3.125,3.5714285714285716,3.25,4.3,1,4.2,1,-0.11680063382489059,-0.6592900847573617,-0.06034607155899718,-0.04279236766414927,0.7619894977226108
71,NA,NA,not recent,3,4.5,4.3,3.8,4.5,2.8,2,4,2.125,4.571428571428571,3.25,1.1,1,1.1,1,-0.11680063382489059,-1.561535579472117,0.7222062112383204,-2.0087960020627786,-1.0452068331593338
72,NA,NA,not recent,3.6,4.5,3.2,3.7,3.9,3.3,4,5.571428571428571,4.25,3.7142857142857144,2,2.4,2.5,2.7,2.7,-0.8668622120614088,0.355736096796738,0.05144711169776247,-0.28854282196397785,0.6113898034824484
73,NA,NA,not recent,3.6,3.9,4.4,3.4,4.3,4.1,4.142857142857143,5.714285714285714,4.125,3.7142857142857144,1,4.4,1.9,4.8,2.1,-1.4669114746506233,0.24295540995739362,0.05144711169776247,-0.16566759481406318,0.7619894977226108
74,NA,NA,recent,3.4,3.7,2.6,2.6,3.7,3.7,5.428571428571429,6.142857142857143,4.25,3.4285714285714284,1.75,3.5,1.9,4.2,5,-1.0168745277087126,0.355736096796738,-0.17213925481575718,0.9402094495351657,1.2137885804430972
75,NA,NA,recent,3.2,4.2,3.6,3.4,4,2.5,4.142857142857143,5.714285714285714,3.875,3.7142857142857144,5,3.4,1.6,3.8,2.6,0.9332855757062349,0.01739403627870477,0.05144711169776247,-0.16566759481406318,0.7619894977226108
76,NA,NA,not recent,3.3,4.4,4.9,4.4,3.4,3.7,5.428571428571429,5.142857142857143,3.625,3.857142857142857,1,1.2,1,1.4,1,-1.4669114746506233,-0.20816733739998408,0.16324029495452214,0.9402094495351657,0.15959072076196293
78,NA,NA,recent,4.2,2.6,3.9,3.2,2.9,3.8,3.857142857142857,5.142857142857143,3.625,3.4285714285714284,5.75,1,1,1,1,1.3833225226481458,-0.20816733739998408,-0.17213925481575718,-0.4114180491138921,0.15959072076196293
79,NA,NA,recent,3.3,3.9,3.9,2.7,2.4,3.6,4,5.571428571428571,3,2,6.25,1.1,1,1.2,1,1.6833471539427531,-0.7720707715967062,-1.290071087383354,-0.28854282196397785,0.6113898034824484
80,NA,NA,recent,3.2,4.1,2.5,3.5,3.7,3.4,3.5714285714285716,4,3,2.5714285714285716,4,2,1,1.4,1,0.33323631311702034,-0.7720707715967062,-0.8428983543563151,-0.6571685034137207,-1.0452068331593338
81,NA,NA,not recent,3.1,4.5,4.6,3.3,3.5,3.1,4.428571428571429,5.571428571428571,5.5,3.142857142857143,1.25,1.5,1,1.6,1,-1.3168991590033197,1.4835429651901821,-0.3957256213292765,0.08008285948576539,0.6113898034824484
82,NA,NA,not recent,2.7,4,3.3,2.7,1.6,3.9,2.857142857142857,4.571428571428571,2,5.428571428571429,2.25,1.3,1,1.1,1,-0.7168498964141051,-1.6743162663114615,1.392965310778879,-1.2715446391632925,-0.4428080561986859
83,NA,NA,not recent,3.4,3.2,3.3,3.5,2.8,3.9,3.857142857142857,5,4.5,3.5714285714285716,1.25,3.8,1,3.9,1,-1.3168991590033197,0.5812974704754269,-0.06034607155899718,-0.4114180491138921,0.008991026521800477
84,NA,NA,not recent,3.4,4.5,3.8,3.3,4,4,2.7142857142857144,4.428571428571429,5.625,2.857142857142857,5,1.1,1,1.3,1,0.9332855757062349,1.5963236520295268,-0.6193119878427958,-1.3944198663132068,-0.5934077504388474
85,NA,NA,recent,3.5,3.7,3.6,3.4,3.9,3.2,4,6.142857142857143,4.25,4,5.75,1.8,1,1.9,1.1,1.3833225226481458,0.355736096796738,0.27503347821128177,-0.28854282196397785,1.2137885804430972
86,NA,NA,recent,1.8,2.7,4.1,1.9,3.7,3.8,3.857142857142857,5.571428571428571,3.5,3,5.75,3.6,1.8,3.7,2,1.3833225226481458,-0.3209480242393285,-0.5075188045860362,-0.4114180491138921,0.6113898034824484
87,NA,NA,recent,3.9,3.6,2.9,2.9,2.7,3.5,4,4.428571428571429,1.625,1.7142857142857142,5.5,2,1.7,2,1.7,1.2333102070008422,-2.0126583268294946,-1.5136574538968737,-0.28854282196397785,-0.5934077504388474
88,NA,NA,not recent,3.3,3.7,3.4,3.2,2.6,3.5,3.857142857142857,4.857142857142857,4.125,3.7142857142857144,1.25,1.3,1,1.4,1,-1.3168991590033197,0.24295540995739362,0.05144711169776247,-0.4114180491138921,-0.14160866771836197
89,NA,NA,not recent,3.2,3.7,3.3,3.1,2.2,4.1,2.857142857142857,4.857142857142857,5.125,3.142857142857143,1,1.4,1,1.5,1,-1.4669114746506233,1.145200904672149,-0.3957256213292765,-1.2715446391632925,-0.14160866771836197
90,NA,NA,not recent,3,4,3.9,3.6,3,3.2,4.571428571428571,5.285714285714286,4.375,3.5714285714285716,1.25,1.2,1,1.3,1,-1.3168991590033197,0.46851678363608246,-0.06034607155899718,0.2029580866356793,0.3101904150021244
91,NA,NA,not recent,2.8,3.5,3.4,2.1,2.7,2.2,4.714285714285714,6,3.375,3.5714285714285716,2,3.8,2.7,3.4,2.8,-0.8668622120614088,-0.4337287110786729,-0.06034607155899718,0.32583331378559394,1.0631888862029348
92,NA,NA,not recent,3.9,4.4,2.4,4.1,2.6,3.4,3.857142857142857,5,4,2.4285714285714284,1,1,1,1,1,-1.4669114746506233,0.1301747231180492,-0.9546915376130751,-0.4114180491138921,0.008991026521800477
93,NA,NA,recent,2.5,3.5,4.3,3.6,4.3,4,5.428571428571429,5.571428571428571,4.25,5,3,2.1,1,2.4,1.4,-0.26681294947219425,0.355736096796738,1.0575857610085997,0.9402094495351657,0.6113898034824484
94,NA,NA,not recent,4.3,4.5,3.4,3.8,3.5,3.2,5.571428571428571,5.714285714285714,5.125,2.857142857142857,2.5,4.2,1,4.8,1.6,-0.5668375807668016,1.145200904672149,-0.6193119878427958,1.0630846766850797,0.7619894977226108
95,NA,NA,recent,4.1,2.9,2.8,3.3,3.5,3.6,4.571428571428571,5.428571428571429,2.5,1.4285714285714286,6.5,1.5,1,1,1,1.8333594695900568,-1.223193518954084,-1.7372438204103928,0.2029580866356793,0.46079010924228686
96,NA,NA,not recent,2.9,3.5,3.5,3.2,3.8,3.1,5.857142857142857,5.571428571428571,5.375,3.4285714285714284,3.75,4.9,3.5,5.4,5.3,0.1832239974697167,1.3707622783508377,-0.17213925481575718,1.3088351309849082,0.6113898034824484
97,NA,NA,not recent,2.8,3,3.6,2.2,2.9,2.7,4.571428571428571,4.857142857142857,5.375,4.428571428571429,4,1.7,1,2.1,1.2,0.33323631311702034,1.3707622783508377,0.610413027981561,0.2029580866356793,-0.14160866771836197
98,NA,NA,not recent,3.6,3.7,3.6,3.3,3,2.7,5.857142857142857,6.714285714285714,3.5,5.142857142857143,1.5,4.6,1,4.7,1.5,-1.1668868433560162,-0.3209480242393285,1.1693789442653597,1.3088351309849082,1.816187357403745
99,NA,NA,not recent,3.9,3.9,3.9,2.9,1.8,3.4,3.7142857142857144,6.142857142857143,3.75,2.2857142857142856,1.5,2.2,1,2.1,1.4,-1.1668868433560162,-0.09538665056063965,-1.0664847208698347,-0.5342932762638064,1.2137885804430972
100,NA,NA,recent,4,4.6,3.5,2.9,3.4,3.4,4.714285714285714,5.571428571428571,4.75,4.285714285714286,6.5,2.3,1,2.5,1.1,1.8333594695900568,0.8068588441541157,0.4986198447248011,0.32583331378559394,0.6113898034824484
101,NA,NA,not recent,3.5,3.3,3.4,3.6,3.2,3.4,2.5714285714285716,5.142857142857143,3.625,3.4285714285714284,2.25,1.8,1,2.1,1.3,-0.7168498964141051,-0.20816733739998408,-0.17213925481575718,-1.517295093463121,0.15959072076196293
102,NA,NA,not recent,3.8,4.7,3.1,4.3,4.1,4.2,3.4285714285714284,4.571428571428571,5.5,2.5714285714285716,2.25,1,1,1,1,-0.7168498964141051,1.4835429651901821,-0.8428983543563151,-0.7800437305636353,-0.4428080561986859
103,NA,NA,recent,3.2,3.5,1.6,3,3.9,4,1.1428571428571428,2.142857142857143,3.125,2.2857142857142856,2.25,1.5,1,1.3,1.2,-0.7168498964141051,-0.6592900847573617,-1.0664847208698347,-2.7460473649622648,-3.0030028582814405
104,NA,NA,not recent,3.3,2.8,2.8,3.2,3.2,3.9,2.5714285714285716,3.7142857142857144,1.5,1.4285714285714286,2,1,1,1,1,-0.8668622120614088,-2.125439013668839,-1.7372438204103928,-1.517295093463121,-1.3464062216396577
105,NA,NA,not recent,4.1,4.5,3.1,3.9,3.1,3.1,1.8571428571428572,3.4285714285714284,2.25,2.857142857142857,1,1.5,1,1.7,1,-1.4669114746506233,-1.4487548926327727,-0.6193119878427958,-2.1316712292126927,-1.647605610119982
106,NA,NA,recent,2.5,3.9,3.6,3.1,3.3,3,4,6.142857142857143,5.375,4.857142857142857,7,3.3,1,2.8,1,2.133384100884664,1.3707622783508377,0.9457925777518398,-0.28854282196397785,1.2137885804430972
107,NA,NA,recent,2.6,4.3,3.6,3.3,2.5,3.6,5.714285714285714,4.857142857142857,4.625,4.714285714285714,5.25,2.3,1,2.3,1,1.0832978913535385,0.6940781573147713,0.8339993944950804,1.1859599038349944,-0.14160866771836197
108,NA,NA,not recent,2.4,4.7,3.9,3.3,3.3,3.7,5.857142857142857,5.714285714285714,7,1.2857142857142858,3.75,1,1,1.1,1,0.1832239974697167,2.8369112072623155,-1.8490370036671528,1.3088351309849082,0.7619894977226108
109,NA,NA,not recent,3.8,3.3,2.9,3.4,4.3,2.8,3.4285714285714284,3.857142857142857,3,3.857142857142857,1.5,2.1,1.6,2.2,1.5,-1.1668868433560162,-0.7720707715967062,0.16324029495452214,-0.7800437305636353,-1.1958065273994958
110,NA,NA,not recent,3.5,4.5,3.1,3.3,4.3,4.9,4.142857142857143,5.714285714285714,3.5,1,1,1.6,1,1.6,1,-1.4669114746506233,-0.3209480242393285,-2.072623370180672,-0.16566759481406318,0.7619894977226108
111,NA,NA,recent,3.5,4,4,2.1,3.1,4.1,3.7142857142857144,5.571428571428571,3.25,3.2857142857142856,3.75,4.5,1,4.4,1.3,0.1832239974697167,-0.5465093979180173,-0.28393243807251684,-0.5342932762638064,0.6113898034824484
112,NA,NA,recent,2.8,4.4,5,3.2,3.9,3.2,4.428571428571429,5.714285714285714,5,2.857142857142857,4,1.9,1.2,1.9,1,0.33323631311702034,1.0324202178328046,-0.6193119878427958,0.08008285948576539,0.7619894977226108
113,NA,NA,not recent,3.1,3.5,3.3,3.4,3.6,2.4,5.428571428571429,4.714285714285714,3.375,4.714285714285714,3.5,1,1,1,1,0.033211681822413054,-0.4337287110786729,0.8339993944950804,0.9402094495351657,-0.29220836195852345
114,NA,NA,recent,3.6,2.6,3.1,3.8,4.3,3,3,4.285714285714286,3.625,3.2857142857142856,6,3.2,1,2.6,1,1.5333348382954495,-0.20816733739998408,-0.28393243807251684,-1.1486694120133782,-0.7440074446790098
115,NA,NA,recent,2.6,3.7,3.7,3.2,4.2,3.5,3.2857142857142856,3.857142857142857,2.625,3.857142857142857,6.25,1.9,1.2,1.9,1.5,1.6833471539427531,-1.1104128321147395,0.16324029495452214,-0.9029189577135496,-1.1958065273994958
116,NA,NA,recent,3.7,4.5,4.1,4.1,3.4,3.9,4.714285714285714,4.714285714285714,4.25,5,4.5,2.8,1,3,1,0.6332609444116276,0.355736096796738,1.0575857610085997,0.32583331378559394,-0.29220836195852345
117,NA,NA,not recent,4,3.6,2.7,3.7,2.9,2.9,2.5714285714285716,4.714285714285714,3.5,3.2857142857142856,1.75,1.6,1,1.6,1.1,-1.0168745277087126,-0.3209480242393285,-0.28393243807251684,-1.517295093463121,-0.29220836195852345
118,NA,NA,recent,3,4.4,3.4,3.7,4.2,3.7,3,4.142857142857143,4.75,4.428571428571429,5.25,1.7,1,1.3,1,1.0832978913535385,0.8068588441541157,0.610413027981561,-1.1486694120133782,-0.8946071389191713
119,NA,NA,recent,3,4.7,3.2,3.7,3.6,4.2,3.7142857142857144,6,4.25,3.5714285714285716,5.5,1.1,1,1.2,1,1.2333102070008422,0.355736096796738,-0.06034607155899718,-0.5342932762638064,1.0631888862029348
120,NA,NA,not recent,3.8,3.3,3.6,3.6,3.6,3.3,2.4285714285714284,4.714285714285714,2.25,2.5714285714285716,1.75,1.6,1,1.7,1,-1.0168745277087126,-1.4487548926327727,-0.8428983543563151,-1.6401703206130356,-0.29220836195852345
121,NA,NA,recent,3.9,3.5,2.5,3.1,3.5,3.8,2.142857142857143,5.571428571428571,4.375,4,3.75,1.4,1,1.3,1,0.1832239974697167,0.46851678363608246,0.27503347821128177,-1.8859207749128641,0.6113898034824484
122,NA,NA,not recent,2.2,4.6,3.3,3.5,2.6,4.1,2.7142857142857144,4,3,5.857142857142857,4.5,1,1,1,1,0.6332609444116276,-0.7720707715967062,1.7283448605491576,-1.3944198663132068,-1.0452068331593338
123,NA,NA,recent,2.3,3.8,3.6,2.9,2.4,3.8,4.857142857142857,6,5.125,4.714285714285714,4.5,2.2,1,2.3,1.2,0.6332609444116276,1.145200904672149,0.8339993944950804,0.4487085409355078,1.0631888862029348
124,NA,NA,not recent,3,3.2,3.6,2.3,4.5,3.9,4.714285714285714,5.571428571428571,3.625,4.142857142857143,2,1.1,1,1.3,1,-0.8668622120614088,-0.20816733739998408,0.3868266614680418,0.32583331378559394,0.6113898034824484
125,NA,NA,recent,3.4,3.9,3,3,2.6,3.4,3.7142857142857144,4.428571428571429,3.25,2.2857142857142856,5,2.8,1.6,2.8,2.1,0.9332855757062349,-0.5465093979180173,-1.0664847208698347,-0.5342932762638064,-0.5934077504388474
126,NA,NA,recent,2.5,3.2,3,2.2,2.8,2.6,3.2857142857142856,4.857142857142857,4.75,5.142857142857143,5.75,2.3,2,2.5,2,1.3833225226481458,0.8068588441541157,1.1693789442653597,-0.9029189577135496,-0.14160866771836197
127,NA,NA,recent,2.6,3.5,2.8,3.3,2.9,2.7,5.714285714285714,5.571428571428571,4.75,4.571428571428571,4.5,2,1,2,1.4,0.6332609444116276,0.8068588441541157,0.7222062112383204,1.1859599038349944,0.6113898034824484
129,NA,NA,recent,2.6,3.2,3.2,3.5,2.9,2.1,4.285714285714286,4.857142857142857,4.5,4,5,1.2,1,1.4,1.1,0.9332855757062349,0.5812974704754269,0.27503347821128177,-0.04279236766414927,-0.14160866771836197
130,NA,NA,recent,3.1,3.8,4.4,3.2,2,3.6,5.571428571428571,5.857142857142857,4.375,4.857142857142857,5.25,4,1,4.2,1.6,1.0832978913535385,0.46851678363608246,0.9457925777518398,1.0630846766850797,0.9125891919627723
131,NA,NA,not recent,2.9,4,4.1,3.9,2.7,3,4.571428571428571,5.857142857142857,5.125,1.8571428571428572,2.25,1.7,1,1.6,1.4,-0.7168498964141051,1.145200904672149,-1.4018642706401139,0.2029580866356793,0.9125891919627723
132,NA,NA,not recent,3.5,3.9,3.3,3.5,2.2,3.2,4.285714285714286,4.571428571428571,2.125,3.4285714285714284,1,1,1,1,1,-1.4669114746506233,-1.561535579472117,-0.17213925481575718,-0.04279236766414927,-0.4428080561986859
133,NA,NA,recent,3.3,4.1,4,3.2,2.6,3.4,3.7142857142857144,4.857142857142857,4.5,2.2857142857142856,6.5,1,1,1,1,1.8333594695900568,0.5812974704754269,-1.0664847208698347,-0.5342932762638064,-0.14160866771836197
134,NA,NA,not recent,2,4.1,3.9,3.6,3.9,2.3,5,5.714285714285714,5.625,3.4285714285714284,2.5,3.9,1.7,3.4,1.7,-0.5668375807668016,1.5963236520295268,-0.17213925481575718,0.57158376808542255,0.7619894977226108
135,NA,NA,recent,3.2,3.2,3.2,3.2,2,2.8,5,5,4.125,2.5714285714285716,3.25,4.2,1.7,4.1,2.6,-0.11680063382489059,0.24295540995739362,-0.8428983543563151,0.57158376808542255,0.008991026521800477
136,NA,NA,recent,2.8,2.2,2.9,2.8,3.8,3.2,5.571428571428571,5.857142857142857,4.5,3.2857142857142856,6.5,1.3,1,1.3,1,1.8333594695900568,0.5812974704754269,-0.28393243807251684,1.0630846766850797,0.9125891919627723
137,NA,NA,recent,2.7,3.3,4.1,2.5,2.5,3.2,5.428571428571429,5.285714285714286,5,3.5714285714285716,5.25,2.5,1.3,2.3,1.4,1.0832978913535385,1.0324202178328046,-0.06034607155899718,0.9402094495351657,0.3101904150021244
138,NA,NA,not recent,2.7,3.5,3.2,3.5,2.6,3.4,5.428571428571429,5.857142857142857,5.5,5.857142857142857,1.75,3.2,1,3,1.4,-1.0168745277087126,1.4835429651901821,1.7283448605491576,0.9402094495351657,0.9125891919627723
139,NA,NA,recent,3.8,4.8,4.3,3.6,2.2,3.2,4.142857142857143,5.571428571428571,4.75,5.142857142857143,5.25,2.4,1,2.6,1,1.0832978913535385,0.8068588441541157,1.1693789442653597,-0.16566759481406318,0.6113898034824484
140,NA,NA,recent,2.9,4.6,4.5,3.8,4.2,1.7,5.571428571428571,5.571428571428571,3.5,4.142857142857143,6,1.3,1,1.7,1.2,1.5333348382954495,-0.3209480242393285,0.3868266614680418,1.0630846766850797,0.6113898034824484
141,NA,NA,recent,1.8,2.9,3.1,2.3,4.4,2.5,6,6.571428571428571,6,3.5714285714285716,6.25,2.5,1.5,2.7,2.8,1.6833471539427531,1.93466571254756,-0.06034607155899718,1.431710358134823,1.6655876631635826
142,NA,NA,recent,3,4.2,4.2,3.7,4.5,2.9,4.571428571428571,6.714285714285714,3.375,6.142857142857143,5.5,3.1,1.8,3.1,1.7,1.2333102070008422,-0.4337287110786729,1.9519312270626776,0.2029580866356793,1.816187357403745
144,NA,NA,not recent,4.1,2.8,4.5,3,3.7,3,5.142857142857143,5.714285714285714,1.625,4.428571428571429,4.5,2.8,1.5,2.6,2,0.6332609444116276,-2.0126583268294946,0.610413027981561,0.6944589952353372,0.7619894977226108
145,NA,NA,not recent,3.4,4.1,3.3,4,4.2,3.6,3.857142857142857,5.285714285714286,3,3.2857142857142856,1.25,1.1,1,1.1,1,-1.3168991590033197,-0.7720707715967062,-0.28393243807251684,-0.4114180491138921,0.3101904150021244
146,NA,NA,recent,2.5,3.3,4.1,2.7,3.1,3.6,5,5,4.125,4.714285714285714,4.5,3.3,1,3.5,1.8,0.6332609444116276,0.24295540995739362,0.8339993944950804,0.57158376808542255,0.008991026521800477
201,NA,NA,recent,3.4,3.8,3.5,3.6,4.8,2.5,5.428571428571429,4.857142857142857,2,5.857142857142857,5.25,1,1,1,1,1.0832978913535385,-1.6743162663114615,1.7283448605491576,0.9402094495351657,-0.14160866771836197
202,NA,NA,recent,1.9,4.7,3.1,2.9,3.8,2.6,5,5.428571428571429,4.875,1.8571428571428572,4,4.3,1.4,3.9,2.1,0.33323631311702034,0.9196395309934602,-1.4018642706401139,0.57158376808542255,0.46079010924228686
203,NA,NA,not recent,3.3,2.2,4.1,2.9,2.3,2.2,5,5.571428571428571,3.375,3.5714285714285716,1.75,1.8,1.6,2,2,-1.0168745277087126,-0.4337287110786729,-0.06034607155899718,0.57158376808542255,0.6113898034824484
204,NA,NA,recent,3.9,3.8,3.4,3.6,4.2,4.5,5,3.7142857142857144,2.5,3,4.5,2.1,1,2,1.7,0.6332609444116276,-1.223193518954084,-0.5075188045860362,0.57158376808542255,-1.3464062216396577
205,NA,NA,not recent,3.8,3.5,2.9,3.7,4.5,3.9,3.5714285714285716,4.285714285714286,3,2.857142857142857,1,2,1,1.8,1,-1.4669114746506233,-0.7720707715967062,-0.6193119878427958,-0.6571685034137207,-0.7440074446790098
206,NA,NA,not recent,3,3.6,3.5,3.5,3.7,3.2,3,3.7142857142857144,3.25,3.2857142857142856,2,2.3,1.3,2.2,1.9,-0.8668622120614088,-0.5465093979180173,-0.28393243807251684,-1.1486694120133782,-1.3464062216396577
207,NA,NA,recent,3.3,3.7,2.9,3,3.9,3.4,6.571428571428571,6.142857142857143,5.125,1.7142857142857142,1.5,6.8,3.8,6.9,3.2,-1.1668868433560162,1.145200904672149,-1.5136574538968737,1.92321126673448,1.2137885804430972
208,NA,NA,not recent,2.8,3,3.5,3.1,3.5,3.1,4.285714285714286,4.714285714285714,3,2.142857142857143,2.75,1.1,1,1.1,1,-0.4168252651194979,-0.7720707715967062,-1.1782779041265945,-0.04279236766414927,-0.29220836195852345
209,NA,NA,not recent,3,3.1,3.3,4.3,3.5,3.1,3.4285714285714284,4.142857142857143,3,4,4.5,1.4,1.5,1.9,1.8,0.6332609444116276,-0.7720707715967062,0.27503347821128177,-0.7800437305636353,-0.8946071389191713
210,NA,NA,not recent,2.8,3.6,2.3,3.8,4.3,1.7,4,5.428571428571429,3.125,4.285714285714286,1,1,1,1,1,-1.4669114746506233,-0.6592900847573617,0.4986198447248011,-0.28854282196397785,0.46079010924228686
211,NA,NA,not recent,2.7,2.8,3.9,4.1,3.6,3,4.571428571428571,4,5,6.142857142857143,2.25,1.9,1,2.1,1,-0.7168498964141051,1.0324202178328046,1.9519312270626776,0.2029580866356793,-1.0452068331593338
212,NA,NA,recent,4.4,2.7,1.9,4.1,3.9,2.7,4.142857142857143,5.285714285714286,4,3,1.75,2,1,1.9,1.3,-1.0168745277087126,0.1301747231180492,-0.5075188045860362,-0.16566759481406318,0.3101904150021244
213,NA,NA,recent,4,2.6,2.6,4.1,3.2,2.2,5,5.714285714285714,4.125,5.571428571428571,3.75,2.9,1.1,3.4,1.2,0.1832239974697167,0.24295540995739362,1.5047584940356384,0.57158376808542255,0.7619894977226108
214,NA,NA,recent,2.8,3.1,4.3,3.9,4.4,2.3,3.857142857142857,5.428571428571429,4.375,2.857142857142857,2.75,1.1,1,1.3,1,-0.4168252651194979,0.46851678363608246,-0.6193119878427958,-0.4114180491138921,0.46079010924228686
215,NA,NA,not recent,3.9,4.1,3.1,2.8,4.3,4.3,4.142857142857143,4.857142857142857,4.125,4.857142857142857,1,2.7,1,2.4,1,-1.4669114746506233,0.24295540995739362,0.9457925777518398,-0.16566759481406318,-0.14160866771836197
216,NA,NA,not recent,3.6,3.1,3.7,4,4,3.1,5.142857142857143,4.285714285714286,4.5,2.2857142857142856,2,1.9,1.5,2.1,1.9,-0.8668622120614088,0.5812974704754269,-1.0664847208698347,0.6944589952353372,-0.7440074446790098
217,NA,NA,recent,3.2,4.2,2.9,4.5,4.6,2.2,4,4.714285714285714,3.625,3.7142857142857144,6.75,1,1,1,1,1.9833717852373605,-0.20816733739998408,0.05144711169776247,-0.28854282196397785,-0.29220836195852345
218,NA,NA,not recent,2.7,3.4,3.5,4.2,3.5,2.9,3.2857142857142856,5.285714285714286,4.25,3.2857142857142856,3.25,2.7,1.4,2.4,2.5,-0.11680063382489059,0.355736096796738,-0.28393243807251684,-0.9029189577135496,0.3101904150021244
219,NA,NA,not recent,3.2,3.6,2.8,3.8,3.8,1.7,4.285714285714286,5.428571428571429,3.125,1.1428571428571428,4,1.5,1,1.4,1,0.33323631311702034,-0.6592900847573617,-1.9608301869239124,-0.04279236766414927,0.46079010924228686
220,NA,NA,not recent,2.9,4.4,2.6,3.6,4.7,3.8,4.285714285714286,4.571428571428571,4.25,2.142857142857143,1.75,2.6,1,2.1,1.1,-1.0168745277087126,0.355736096796738,-1.1782779041265945,-0.04279236766414927,-0.4428080561986859
221,NA,NA,recent,3.2,3.8,2.5,4.3,4.4,3.3,4.857142857142857,6.571428571428571,5.5,5.857142857142857,7,1,1,1,1,2.133384100884664,1.4835429651901821,1.7283448605491576,0.4487085409355078,1.6655876631635826
222,NA,NA,not recent,3.8,3.9,3.5,3.2,3,1.4,5.142857142857143,5,3.375,4,3.5,1,1,1,1,0.033211681822413054,-0.4337287110786729,0.27503347821128177,0.6944589952353372,0.008991026521800477
223,NA,NA,not recent,3.7,3.9,2.4,3.8,3.8,3.6,3.142857142857143,3.4285714285714284,5.25,2.857142857142857,2.5,1.1,1,1,1,-0.5668375807668016,1.2579815915114934,-0.6193119878427958,-1.025794184863464,-1.647605610119982
224,NA,NA,not recent,2.5,2.2,4.3,2.8,2.4,3.1,5.571428571428571,6.714285714285714,4.25,3.857142857142857,3.5,3.8,1,3.6,1,0.033211681822413054,0.355736096796738,0.16324029495452214,1.0630846766850797,1.816187357403745
225,NA,NA,recent,4,2.7,2.5,2.6,4.6,2.7,5.857142857142857,5,5.875,4,4,1.5,2.1,3.1,2.1,0.33323631311702034,1.8218850257082155,0.27503347821128177,1.3088351309849082,0.008991026521800477
226,NA,NA,recent,4.1,3.3,3.8,2.9,4.6,4.1,3.857142857142857,5.142857142857143,4.125,4.142857142857143,5.5,1,1,1,1,1.2333102070008422,0.24295540995739362,0.3868266614680418,-0.4114180491138921,0.15959072076196293
227,NA,NA,recent,3.6,3.6,3,3.4,3.9,1.9,3.142857142857143,4.142857142857143,3.75,6.142857142857143,4.5,1.6,1.1,1.9,1,0.6332609444116276,-0.09538665056063965,1.9519312270626776,-1.025794184863464,-0.8946071389191713
228,NA,NA,recent,3.7,3.3,3.1,3.4,4.2,3.6,3.857142857142857,3.7142857142857144,3.25,3.142857142857143,3,1.8,1,1.9,1,-0.26681294947219425,-0.5465093979180173,-0.3957256213292765,-0.4114180491138921,-1.3464062216396577
229,NA,NA,not recent,3.4,3.8,3.2,3.1,3.1,2.6,4.142857142857143,5.857142857142857,4.75,1.8571428571428572,2,2,1.4,1.8,1.9,-0.8668622120614088,0.8068588441541157,-1.4018642706401139,-0.16566759481406318,0.9125891919627723
230,NA,NA,not recent,3.3,4,3.3,3.7,3.8,3.8,4.857142857142857,2.857142857142857,3.125,4.428571428571429,1.75,1.9,1.1,2,1.2,-1.0168745277087126,-0.6592900847573617,0.610413027981561,0.4487085409355078,-2.25000438708063
231,NA,NA,not recent,4,2.7,2.7,3.2,3.4,2.2,2.857142857142857,4.428571428571429,4.5,4.857142857142857,2.25,1,1,1,1,-0.7168498964141051,0.5812974704754269,0.9457925777518398,-1.2715446391632925,-0.5934077504388474
232,NA,NA,not recent,3,4.4,2.4,4.2,4.8,3.6,5.285714285714286,5.285714285714286,4.75,4,3.5,1,1,1.1,1.1,0.033211681822413054,0.8068588441541157,0.27503347821128177,0.8173342223852511,0.3101904150021244
234,NA,NA,not recent,3.8,3.6,4.2,3.1,3.6,2.9,5.428571428571429,6,4.875,5,3.75,3.2,1.7,3,2.1,0.1832239974697167,0.9196395309934602,1.0575857610085997,0.9402094495351657,1.0631888862029348
235,NA,NA,recent,4.5,3.5,1.9,4,4,2.7,1.8571428571428572,1.8571428571428572,2.375,3.857142857142857,3.5,1,1,1,1,0.033211681822413054,-1.3359742057934283,0.16324029495452214,-2.1316712292126927,-3.3042022467617644
236,NA,NA,not recent,4.3,2.6,3.1,3.9,4.7,2.5,5.857142857142857,5.285714285714286,4.375,2.142857142857143,1.25,2.5,1.5,2.4,1.6,-1.3168991590033197,0.46851678363608246,-1.1782779041265945,1.3088351309849082,0.3101904150021244
237,NA,NA,recent,3.5,3.5,2.7,2.5,3.9,3.4,5,6.571428571428571,4,5.571428571428571,4.25,3.7,3.2,3.9,4.2,0.483248628764324,0.1301747231180492,1.5047584940356384,0.57158376808542255,1.6655876631635826
238,NA,NA,not recent,2.5,3.5,3,3.4,3.7,3.8,3.5714285714285716,4.857142857142857,3.375,4,3,1.4,1,1,1,-0.26681294947219425,-0.4337287110786729,0.27503347821128177,-0.6571685034137207,-0.14160866771836197
239,NA,NA,recent,3.2,4.2,2.8,2.4,4.1,3.4,4,5.857142857142857,4.625,1.7142857142857142,4.25,1.7,1,2,1,0.483248628764324,0.6940781573147713,-1.5136574538968737,-0.28854282196397785,0.9125891919627723
240,NA,NA,not recent,2.9,4.5,4.3,3.4,3.6,2.2,4.714285714285714,6.285714285714286,3.375,3.7142857142857144,2.5,2.6,1,3.1,1,-0.5668375807668016,-0.4337287110786729,0.05144711169776247,0.32583331378559394,1.3643882746832587
241,NA,NA,recent,3.6,4,3.8,3.4,4.2,2.4,5.714285714285714,5.857142857142857,2.875,3.5714285714285716,5.25,1.5,1,1.5,1.2,1.0832978913535385,-0.8848514584360506,-0.06034607155899718,1.1859599038349944,0.9125891919627723
242,NA,NA,not recent,3.1,4.1,4.2,3.6,4.5,3,5,5.571428571428571,3.25,3.2857142857142856,1.5,1,1,1,1,-1.1668868433560162,-0.5465093979180173,-0.28393243807251684,0.57158376808542255,0.6113898034824484
243,NA,NA,recent,3.6,2.9,2.9,2.7,2.9,2.3,5.142857142857143,6,4.25,2.5714285714285716,5.75,4.8,1.1,5,1.3,1.3833225226481458,0.355736096796738,-0.8428983543563151,0.6944589952353372,1.0631888862029348
244,NA,NA,recent,3.6,2.9,2.4,2.8,4,2.7,4.428571428571429,5.285714285714286,3.875,5.285714285714286,3.25,2.6,3.3,3.4,4,-0.11680063382489059,0.01739403627870477,1.281172127522119,0.08008285948576539,0.3101904150021244
245,NA,NA,not recent,3.8,3.6,4.7,3,2.4,3.5,4.857142857142857,5.571428571428571,4.25,4.714285714285714,1.5,1,1,1.1,1,-1.1668868433560162,0.355736096796738,0.8339993944950804,0.4487085409355078,0.6113898034824484
246,NA,NA,not recent,3,3.8,3.3,4.6,4.6,3.6,5.714285714285714,5.714285714285714,5.75,3.857142857142857,4.5,3.4,1.1,3.8,2.6,0.6332609444116276,1.7091043388688711,0.16324029495452214,1.1859599038349944,0.7619894977226108
247,NA,NA,recent,3.2,4.1,2.7,4.3,4.2,3.5,5,3.857142857142857,2.125,5,5.25,1,1,1.2,1.2,1.0832978913535385,-1.561535579472117,1.0575857610085997,0.57158376808542255,-1.1958065273994958
248,NA,NA,not recent,3.1,3.3,3.1,3.1,4,3.7,4,5.857142857142857,3.625,2,3,1,1,1,1,-0.26681294947219425,-0.20816733739998408,-1.290071087383354,-0.28854282196397785,0.9125891919627723
249,NA,NA,recent,3.8,4.2,3.4,3.8,4.5,1.1,3.5714285714285716,4,3.125,3.2857142857142856,7,1.6,1,1.3,1,2.133384100884664,-0.6592900847573617,-0.28393243807251684,-0.6571685034137207,-1.0452068331593338
250,NA,NA,not recent,3.1,3.9,1.8,3.9,4.9,4.2,2.857142857142857,2.5714285714285716,1.875,1,1,2,2.1,1.6,1.9,-1.4669114746506233,-1.787096953150806,-2.072623370180672,-1.2715446391632925,-2.551203775560954
251,NA,NA,not recent,1.3,3.8,2.5,3.5,3.8,3.6,2.857142857142857,4.285714285714286,3.375,2.5714285714285716,2.25,2.3,1.1,2.4,1.2,-0.7168498964141051,-0.4337287110786729,-0.8428983543563151,-1.2715446391632925,-0.7440074446790098
252,NA,NA,recent,4.3,3.3,3.9,3.4,3.6,2.6,5.714285714285714,5.142857142857143,4.5,3.857142857142857,3.5,3.8,1.1,3.9,1.5,0.033211681822413054,0.5812974704754269,0.16324029495452214,1.1859599038349944,0.15959072076196293
253,NA,NA,recent,3,3.4,2.9,2.4,4.1,2.7,5.142857142857143,5.428571428571429,3.5,5.714285714285714,6,2.1,1.1,2.4,2.4,1.5333348382954495,-0.3209480242393285,1.6165516772923985,0.6944589952353372,0.46079010924228686
254,NA,NA,recent,3,3.5,3.9,3.6,2.6,3.3,5.714285714285714,6.714285714285714,4.125,6,4.25,1,1,1,1,0.483248628764324,0.24295540995739362,1.8401380438059176,1.1859599038349944,1.816187357403745
255,NA,NA,not recent,3.4,3.7,3,3.3,4.2,2.3,2.4285714285714284,3.857142857142857,2,5.142857142857143,4.5,1.4,1,1.3,1,0.6332609444116276,-1.6743162663114615,1.1693789442653597,-1.6401703206130356,-1.1958065273994958
256,NA,NA,not recent,4.4,3.4,2.9,4.3,3.4,3.1,3.857142857142857,5,1.875,2.7142857142857144,1.5,1,1,1,1,-1.1668868433560162,-1.787096953150806,-0.7311051710995555,-0.4114180491138921,0.008991026521800477
257,NA,NA,recent,2.6,4.4,2.9,4,4.6,1.7,3.7142857142857144,5.571428571428571,3.5,3.5714285714285716,4.75,1.8,1,2.3,1.5,0.7832732600589313,-0.3209480242393285,-0.06034607155899718,-0.5342932762638064,0.6113898034824484
258,NA,NA,not recent,3.6,3.1,2.8,2.5,3.7,2.1,3.142857142857143,5.142857142857143,2.375,1,2.5,5,3.1,4.3,3.3,-0.5668375807668016,-1.3359742057934283,-2.072623370180672,-1.025794184863464,0.15959072076196293
259,NA,NA,recent,3.1,3.5,3.2,2.9,4.5,2.2,5.571428571428571,5.142857142857143,3.625,5,4,1.2,1.2,1.3,1.2,0.33323631311702034,-0.20816733739998408,1.0575857610085997,1.0630846766850797,0.15959072076196293
260,NA,NA,recent,3.8,4.1,3.3,4.1,3,4.5,2,3.142857142857143,2,1.7142857142857142,4.25,1.1,1,1.3,1,0.483248628764324,-1.6743162663114615,-1.5136574538968737,-2.0087960020627786,-1.9488049986003062
261,NA,NA,not recent,3.2,3.1,4.2,4.1,3.7,3.2,4.428571428571429,4.571428571428571,3,3.2857142857142856,1.75,1,1,1.1,1.3,-1.0168745277087126,-0.7720707715967062,-0.28393243807251684,0.08008285948576539,-0.4428080561986859
262,NA,NA,not recent,3.3,4.1,4.2,3.9,4.2,3,6.285714285714286,5.571428571428571,3.75,5.714285714285714,1.5,1.7,1.1,2.7,1.5,-1.1668868433560162,-0.09538665056063965,1.6165516772923985,1.6774608124346515,0.6113898034824484
263,NA,NA,not recent,3.1,2.7,3.8,3.6,3.7,2.9,6,5.714285714285714,5.875,6.142857142857143,3.75,3,1.6,2.5,1.7,0.1832239974697167,1.8218850257082155,1.9519312270626776,1.431710358134823,0.7619894977226108
264,NA,NA,not recent,3.1,4,3.1,4.1,3.2,3.7,5,5.857142857142857,4.25,4.142857142857143,1,2.3,1,2.3,1.6,-1.4669114746506233,0.355736096796738,0.3868266614680418,0.57158376808542255,0.9125891919627723
265,NA,NA,recent,2.8,4.6,2.6,3.3,4,2.9,4.857142857142857,5.428571428571429,1.75,5.428571428571429,4.75,2.9,1.1,4,2.4,0.7832732600589313,-1.8998776399901505,1.392965310778879,0.4487085409355078,0.46079010924228686
266,NA,NA,recent,2.9,3.8,3.7,3.1,2.6,3.1,6,5.857142857142857,4.625,3.5714285714285716,3.5,1,1,1.1,1,0.033211681822413054,0.6940781573147713,-0.06034607155899718,1.431710358134823,0.9125891919627723
267,NA,NA,recent,3.4,3.9,4.3,4.1,3.7,2.9,5.285714285714286,5,6.25,6.142857142857143,6.5,1,1,1,1,1.8333594695900568,2.1602270862262487,1.9519312270626776,0.8173342223852511,0.008991026521800477
268,NA,NA,recent,3.6,3.5,4.5,3.6,2.4,3.6,4,5.714285714285714,2.625,4.142857142857143,4.25,1.4,1,1.4,1.5,0.483248628764324,-1.1104128321147395,0.3868266614680418,-0.28854282196397785,0.7619894977226108
269,NA,NA,recent,2.7,2.5,4.3,3.7,3.4,1.6,5.571428571428571,5.571428571428571,5.625,3.5714285714285716,5,2.7,1.9,4.2,4.1,0.9332855757062349,1.5963236520295268,-0.06034607155899718,1.0630846766850797,0.6113898034824484
270,NA,NA,not recent,3.1,3.1,4.1,3,4.2,2.6,2.4285714285714284,3.5714285714285716,2.75,4.428571428571429,2.75,1,1,1,1,-0.4168252651194979,-0.997632145275395,0.610413027981561,-1.6401703206130356,-1.4970059158798197
271,NA,NA,not recent,1.9,4.3,5,3.6,3.5,2.9,5.285714285714286,5.714285714285714,3.625,2.5714285714285716,2.25,1.8,1.1,1.9,1.4,-0.7168498964141051,-0.20816733739998408,-0.8428983543563151,0.8173342223852511,0.7619894977226108
272,NA,NA,not recent,2.1,4,3,2.9,3.7,2.6,6,4.714285714285714,3.625,5.571428571428571,3.75,3.8,1.3,3.1,2.2,0.1832239974697167,-0.20816733739998408,1.5047584940356384,1.431710358134823,-0.29220836195852345
273,NA,NA,not recent,3.5,3.1,3.3,3.8,2.3,2.8,5.142857142857143,5.571428571428571,4.625,3,1.5,1,1,1,1,-1.1668868433560162,0.6940781573147713,-0.5075188045860362,0.6944589952353372,0.6113898034824484
274,NA,NA,not recent,3.7,4.4,3.8,3.1,3.9,3.2,3.7142857142857144,5.857142857142857,3.625,6.571428571428571,1,1,1,1,1,-1.4669114746506233,-0.20816733739998408,2.2873107768329564,-0.5342932762638064,0.9125891919627723
275,NA,NA,recent,3.3,3.7,3.6,2.6,2.6,4.3,5,5.571428571428571,3,3.142857142857143,3.75,4,1,3.7,1,0.1832239974697167,-0.7720707715967062,-0.3957256213292765,0.57158376808542255,0.6113898034824484
276,NA,NA,not recent,3.5,3.4,3.6,3.1,3.7,3.3,6.571428571428571,7,5.5,3,1,4.2,2,5.4,2.7,-1.4669114746506233,1.4835429651901821,-0.5075188045860362,1.92321126673448,2.117386745884069
277,NA,NA,not recent,2.2,4.1,2.6,3,4.4,3.7,5.571428571428571,6.142857142857143,5.125,6.571428571428571,2.5,1.6,1,2.2,1.1,-0.5668375807668016,1.145200904672149,2.2873107768329564,1.0630846766850797,1.2137885804430972
279,NA,NA,not recent,3.5,2.6,3.1,2.7,3.8,3,3.4285714285714284,4.285714285714286,4,2.857142857142857,2,2.9,1.9,2.9,2.2,-0.8668622120614088,0.1301747231180492,-0.6193119878427958,-0.7800437305636353,-0.7440074446790098
280,NA,NA,not recent,2.8,3.4,3.5,3.2,3.9,3.2,5.285714285714286,5.285714285714286,5,3.142857142857143,3.75,3,2,3.4,3.2,0.1832239974697167,1.0324202178328046,-0.3957256213292765,0.8173342223852511,0.3101904150021244
281,NA,NA,recent,2.9,3.6,3.4,2.3,3.7,2.4,4.857142857142857,4.285714285714286,4.625,1.5714285714285714,5.5,1.9,1.3,1.9,1.6,1.2333102070008422,0.6940781573147713,-1.6254506371536335,0.4487085409355078,-0.7440074446790098
282,NA,NA,recent,2.9,3.7,2.8,4.2,4.1,3.5,2.857142857142857,5,6.375,7,5.5,1,1,1,1,1.2333102070008422,2.273007773065593,2.6226903266032355,-1.2715446391632925,0.008991026521800477
283,NA,NA,not recent,3.3,4.5,4.4,4.2,3.8,2.1,5,5.428571428571429,6,2.4285714285714284,1.5,1.8,1.4,1.5,1.9,-1.1668868433560162,1.93466571254756,-0.9546915376130751,0.57158376808542255,0.46079010924228686
284,NA,NA,not recent,4.7,2.9,4.5,3.4,4.4,4.3,2.7142857142857144,2.4285714285714284,1.875,2.4285714285714284,5.25,1,1,1,1,1.0832978913535385,-1.787096953150806,-0.9546915376130751,-1.3944198663132068,-2.7018034698011166
285,NA,NA,not recent,3.2,3.8,3.9,3,3.1,2.4,4.142857142857143,5.714285714285714,4.125,4.857142857142857,4,1.3,1.2,1.5,1.6,0.33323631311702034,0.24295540995739362,0.9457925777518398,-0.16566759481406318,0.7619894977226108
286,NA,NA,not recent,2.8,3.6,3.7,4.2,3.8,3.5,2,3.142857142857143,3.25,2,1,1.2,1.2,1,1.2,-1.4669114746506233,-0.5465093979180173,-1.290071087383354,-2.0087960020627786,-1.9488049986003062
287,NA,NA,recent,3.9,3.7,3.6,2.9,4.4,3.1,4.285714285714286,3.857142857142857,2.75,6.285714285714286,6.5,1,1.1,1.3,1.2,1.8333594695900568,-0.997632145275395,2.063724410319437,-0.04279236766414927,-1.1958065273994958
288,NA,NA,not recent,3.3,4.1,4.4,4.3,4,1.5,5,5.857142857142857,2.625,2.4285714285714284,4.5,1.8,1.3,2.6,2.2,0.6332609444116276,-1.1104128321147395,-0.9546915376130751,0.57158376808542255,0.9125891919627723
289,NA,NA,not recent,4.1,3.5,3.9,3.3,3,2.9,4.571428571428571,4,4.375,3,4.75,1.1,1.1,1.4,1.4,0.7832732600589313,0.46851678363608246,-0.5075188045860362,0.2029580866356793,-1.0452068331593338
290,NA,NA,not recent,3.8,4.7,4.4,3.5,3.4,1.8,4.571428571428571,5.285714285714286,2.75,2.4285714285714284,4.25,1.6,1,1.7,2,0.483248628764324,-0.997632145275395,-0.9546915376130751,0.2029580866356793,0.3101904150021244
291,NA,NA,not recent,2.2,3.4,3.8,2.5,2.8,1.7,4.142857142857143,4.571428571428571,2.875,2.857142857142857,3,1.6,1,1.3,1.3,-0.26681294947219425,-0.8848514584360506,-0.6193119878427958,-0.16566759481406318,-0.4428080561986859
293,NA,NA,recent,2.2,3.1,3.6,2.3,4.1,3.5,5,5.285714285714286,4.75,3.5714285714285716,7,2.9,1.8,3.2,2.7,2.133384100884664,0.8068588441541157,-0.06034607155899718,0.57158376808542255,0.3101904150021244
294,NA,NA,not recent,2.9,3.6,4,4,3.1,3.6,3.857142857142857,5.857142857142857,5,4.428571428571429,1,1.9,1,2,1.3,-1.4669114746506233,1.0324202178328046,0.610413027981561,-0.4114180491138921,0.9125891919627723
295,NA,NA,not recent,2.5,3,4,3.2,3.5,2.9,3.4285714285714284,4,3.75,5.571428571428571,3.25,1,1,1.2,1,-0.11680063382489059,-0.09538665056063965,1.5047584940356384,-0.7800437305636353,-1.0452068331593338
296,NA,NA,not recent,3.3,2.9,3,2.6,4.1,2.2,4.428571428571429,5.571428571428571,3.75,7,3,3,2.2,3.6,2.6,-0.26681294947219425,-0.09538665056063965,2.6226903266032355,0.08008285948576539,0.6113898034824484
297,NA,NA,recent,3.1,3.3,3.2,3,3.9,3.8,4.142857142857143,4.285714285714286,2.875,3.2857142857142856,5.25,1.4,1.5,1.8,1.6,1.0832978913535385,-0.8848514584360506,-0.28393243807251684,-0.16566759481406318,-0.7440074446790098
298,NA,NA,not recent,3.5,4,3.5,3,4.1,4,6,5.428571428571429,3.375,3.7142857142857144,2,2.6,1,2.2,1,-0.8668622120614088,-0.4337287110786729,0.05144711169776247,1.431710358134823,0.46079010924228686
299,NA,NA,not recent,2.8,3.3,2.6,2.1,2.2,4.1,4.142857142857143,4.714285714285714,3.375,4.285714285714286,2,3.1,1.9,3.2,2.5,-0.8668622120614088,-0.4337287110786729,0.4986198447248011,-0.16566759481406318,-0.29220836195852345
300,NA,NA,not recent,3.1,3.4,4,4.1,4.1,2.3,4.571428571428571,4.142857142857143,3.625,5.142857142857143,1.25,1.1,1,1.4,1,-1.3168991590033197,-0.20816733739998408,1.1693789442653597,0.2029580866356793,-0.8946071389191713
301,NA,NA,not recent,3.5,4,4.1,4,3.8,2.6,6.142857142857143,5.285714285714286,3.625,3.4285714285714284,4.5,1.2,1,1.4,1.6,0.6332609444116276,-0.20816733739998408,-0.17213925481575718,1.5545855852847374,0.3101904150021244
302,NA,NA,recent,4.2,3.6,3,3.6,3.5,3.3,3.7142857142857144,4.857142857142857,3.5,5.285714285714286,5.5,1.1,1.2,1.3,1.4,1.2333102070008422,-0.3209480242393285,1.281172127522119,-0.5342932762638064,-0.14160866771836197
303,NA,NA,not recent,3.7,4.2,3.2,3.4,4.6,3.3,6.142857142857143,6.571428571428571,4,2.7142857142857144,3.75,3.3,1.9,5.5,4.4,0.1832239974697167,0.1301747231180492,-0.7311051710995555,1.5545855852847374,1.6655876631635826
304,NA,NA,recent,2.9,4.4,3.8,1.9,4.2,4.3,5,4.571428571428571,2.75,1.8571428571428572,1.5,1.4,1,1.4,1.1,-1.1668868433560162,-0.997632145275395,-1.4018642706401139,0.57158376808542255,-0.4428080561986859
305,NA,NA,recent,2.5,2.9,2.9,3.9,4.1,4.4,4.428571428571429,4.571428571428571,2.75,3.857142857142857,5.5,4.9,3.5,5.1,5.1,1.2333102070008422,-0.997632145275395,0.16324029495452214,0.08008285948576539,-0.4428080561986859
306,NA,NA,recent,2.3,4.4,4.7,2.5,4.2,1.9,4.285714285714286,5.571428571428571,4.5,4.714285714285714,7,1.8,1.1,2.2,1.5,2.133384100884664,0.5812974704754269,0.8339993944950804,-0.04279236766414927,0.6113898034824484
307,NA,NA,not recent,3,3.3,3.4,2.8,3.2,3.4,5.428571428571429,5,5.125,2.857142857142857,1.5,1,1,1,1.3,-1.1668868433560162,1.145200904672149,-0.6193119878427958,0.9402094495351657,0.008991026521800477
308,NA,NA,not recent,2.7,4,2.6,3.1,4,3.4,3.142857142857143,3.142857142857143,3.875,1.5714285714285714,2,1.5,1.1,1.9,1.4,-0.8668622120614088,0.01739403627870477,-1.6254506371536335,-1.025794184863464,-1.9488049986003062
309,NA,NA,not recent,3,3.5,3.6,3.2,4.7,2.8,5.428571428571429,4.714285714285714,2.125,1.8571428571428572,4.5,2.8,1.9,4,3.9,0.6332609444116276,-1.561535579472117,-1.4018642706401139,0.9402094495351657,-0.29220836195852345
310,NA,NA,not recent,4,3.4,3.1,3,4.7,4.2,3.5714285714285716,5.428571428571429,4.125,3.2857142857142856,1.75,4.5,3,4.4,3.6,-1.0168745277087126,0.24295540995739362,-0.28393243807251684,-0.6571685034137207,0.46079010924228686
311,NA,NA,not recent,2.9,4.3,3.7,4,4.2,3.9,4.285714285714286,5.428571428571429,3.5,2.7142857142857144,4,1,1,1,1,0.33323631311702034,-0.3209480242393285,-0.7311051710995555,-0.04279236766414927,0.46079010924228686
312,NA,NA,not recent,2.9,4,3.5,3.5,4.1,3.4,5.142857142857143,5.714285714285714,3.75,3.2857142857142856,1.25,1.5,1.2,1.5,1.2,-1.3168991590033197,-0.09538665056063965,-0.28393243807251684,0.6944589952353372,0.7619894977226108
313,NA,NA,not recent,3,4.1,3.5,3.4,3.3,3.4,4.857142857142857,5.571428571428571,3.25,4.571428571428571,2.75,1,1,1.2,1,-0.4168252651194979,-0.5465093979180173,0.7222062112383204,0.4487085409355078,0.6113898034824484
314,NA,NA,not recent,1.7,3.7,3.9,3.7,3.6,3.6,5.142857142857143,6.428571428571429,6.125,2.4285714285714284,1.75,4.3,2.7,4.5,2.5,-1.0168745277087126,2.0474463993869043,-0.9546915376130751,0.6944589952353372,1.5149879689234211
315,NA,NA,not recent,3.4,4.1,4.5,2.9,4.8,3,4.285714285714286,4.428571428571429,3.375,5.428571428571429,1.5,1,1,1,1,-1.1668868433560162,-0.4337287110786729,1.392965310778879,-0.04279236766414927,-0.5934077504388474
316,NA,NA,not recent,4.4,2.8,3.7,3,4.8,3.5,4.857142857142857,4,2.875,4.714285714285714,3.75,2,1,2,1.3,0.1832239974697167,-0.8848514584360506,0.8339993944950804,0.4487085409355078,-1.0452068331593338
317,NA,NA,recent,3.7,4.2,3.4,3.6,4.9,3.7,4.428571428571429,4.714285714285714,2.625,2.857142857142857,2.75,1.1,1,1.2,1,-0.4168252651194979,-1.1104128321147395,-0.6193119878427958,0.08008285948576539,-0.29220836195852345
318,NA,NA,not recent,3.1,3.6,3.6,3.7,3.8,4.8,5.142857142857143,6.428571428571429,5.375,3.142857142857143,1.25,1.3,1.1,1.3,1,-1.3168991590033197,1.3707622783508377,-0.3957256213292765,0.6944589952353372,1.5149879689234211
319,NA,NA,not recent,2.6,4.3,2.9,4.4,3.7,4,4,4.857142857142857,3.125,2.857142857142857,2,4.2,1.1,4.7,1.3,-0.8668622120614088,-0.6592900847573617,-0.6193119878427958,-0.28854282196397785,-0.14160866771836197
320,NA,NA,not recent,3.6,3.9,3.5,2.9,3.9,4.1,5.857142857142857,5,3.125,2.5714285714285716,1.75,2,1,1.7,1,-1.0168745277087126,-0.6592900847573617,-0.8428983543563151,1.3088351309849082,0.008991026521800477
321,NA,NA,not recent,3.7,3.8,3.6,2.8,3.6,4.2,5,4,2.125,2.142857142857143,1,1.6,1,1.1,1,-1.4669114746506233,-1.561535579472117,-1.1782779041265945,0.57158376808542255,-1.0452068331593338
401,NA,NA,not recent,3.3,4.5,3.8,4.6,4,4.3,4.428571428571429,5.428571428571429,4,1.7142857142857142,1,1,1,1,1,-1.4669114746506233,0.1301747231180492,-1.5136574538968737,0.08008285948576539,0.46079010924228686
402,NA,NA,not recent,3.9,2.4,3.4,3.8,3.8,2.8,3.857142857142857,4.714285714285714,3.25,2.5714285714285716,2.5,1,1,1.2,1,-0.5668375807668016,-0.5465093979180173,-0.8428983543563151,-0.4114180491138921,-0.29220836195852345
403,NA,NA,not recent,3.6,3.8,3,4.5,3.5,3.5,5,5.714285714285714,3.875,3.5714285714285716,2.25,1,1,1.1,1,-0.7168498964141051,0.01739403627870477,-0.06034607155899718,0.57158376808542255,0.7619894977226108
404,NA,NA,recent,2.4,4.4,3.8,3.1,3,3.4,4.285714285714286,4.285714285714286,5.625,3,4.5,1,1,1.1,1,0.6332609444116276,1.5963236520295268,-0.5075188045860362,-0.04279236766414927,-0.7440074446790098
405,NA,NA,not recent,2.9,3,3.4,2.6,3.9,3,5,5.571428571428571,2.875,3.5714285714285716,4.75,1.1,1.1,1.4,1.5,0.7832732600589313,-0.8848514584360506,-0.06034607155899718,0.57158376808542255,0.6113898034824484
406,NA,NA,recent,3.7,5,3.7,3.9,3.2,2.6,3.4285714285714284,4,3,4.285714285714286,5,1.7,1,1.8,1.1,0.9332855757062349,-0.7720707715967062,0.4986198447248011,-0.7800437305636353,-1.0452068331593338
407,NA,NA,not recent,3.5,3.9,3.8,2.7,2.7,2,4,4.714285714285714,4.875,3.857142857142857,2.25,1.9,1,2.6,1.7,-0.7168498964141051,0.9196395309934602,0.16324029495452214,-0.28854282196397785,-0.29220836195852345
408,NA,NA,recent,3.3,3.5,3.1,3.1,3.1,3.4,4.285714285714286,5.571428571428571,4.125,3,2.75,1.1,1,1.3,1.3,-0.4168252651194979,0.24295540995739362,-0.5075188045860362,-0.04279236766414927,0.6113898034824484
409,NA,NA,recent,4.1,3.1,2.7,3.3,3.9,4.1,4.142857142857143,3.2857142857142856,3.5,2,5.75,1.1,1,1.2,1,1.3833225226481458,-0.3209480242393285,-1.290071087383354,-0.16566759481406318,-1.798205304360144
410,NA,NA,not recent,4.1,3.9,3.5,4.1,4.3,3,2.4285714285714284,2.7142857142857144,1,2.857142857142857,2.5,1,1.2,1.1,1.6,-0.5668375807668016,-2.576561761026217,-0.6193119878427958,-1.6401703206130356,-2.400604081320792
411,NA,NA,not recent,2.9,4.4,3.6,2.9,2.9,2.5,4.857142857142857,5.857142857142857,3.375,5.857142857142857,4.75,1,1,1,1,0.7832732600589313,-0.4337287110786729,1.7283448605491576,0.4487085409355078,0.9125891919627723
412,NA,NA,not recent,2.5,3,2.6,3,2.7,3.3,6.571428571428571,6.285714285714286,2.75,4.142857142857143,4,2.7,1.6,2.9,2.6,0.33323631311702034,-0.997632145275395,0.3868266614680418,1.92321126673448,1.3643882746832587
413,NA,NA,recent,4.5,2.1,4.2,3.2,3.2,1.8,5.857142857142857,5.571428571428571,5.375,3.5714285714285716,4.5,5.2,3.3,5.1,5.2,0.6332609444116276,1.3707622783508377,-0.06034607155899718,1.3088351309849082,0.6113898034824484
414,NA,NA,not recent,3.5,3.2,2.5,1.4,3.3,3.6,3.7142857142857144,4.142857142857143,2.5,4.714285714285714,2.5,2.5,1.9,2.5,2.6,-0.5668375807668016,-1.223193518954084,0.8339993944950804,-0.5342932762638064,-0.8946071389191713
415,NA,NA,recent,2.8,2.9,3.8,3.7,2.9,2.3,4.571428571428571,6.285714285714286,3.25,3.2857142857142856,2.5,2,1,1.9,1,-0.5668375807668016,-0.5465093979180173,-0.28393243807251684,0.2029580866356793,1.3643882746832587
416,NA,NA,not recent,1.8,4.1,3,2.8,4.2,4.4,3.142857142857143,3.7142857142857144,2.875,2.142857142857143,1.75,2.3,1.8,2.5,1.7,-1.0168745277087126,-0.8848514584360506,-1.1782779041265945,-1.025794184863464,-1.3464062216396577
417,NA,NA,recent,3.9,3.2,3.2,3.4,3.6,2.4,4.857142857142857,6,4.375,4.142857142857143,6.25,1,1,1,1,1.6833471539427531,0.46851678363608246,0.3868266614680418,0.4487085409355078,1.0631888862029348
418,NA,NA,not recent,3.1,2.6,2.7,2.1,3.7,3.4,5,6,4.75,2.857142857142857,2.5,2.9,1.1,2.8,1,-0.5668375807668016,0.8068588441541157,-0.6193119878427958,0.57158376808542255,1.0631888862029348
419,NA,NA,not recent,4.1,2.1,3.3,3.5,3.9,2.6,5.285714285714286,4.285714285714286,2.75,2.4285714285714284,3.25,3.1,1.2,2.8,1.2,-0.11680063382489059,-0.997632145275395,-0.9546915376130751,0.8173342223852511,-0.7440074446790098
420,NA,NA,recent,2.9,3.4,3,3.7,2.8,3.8,4.428571428571429,4.142857142857143,3.75,5.285714285714286,6,1.3,1.4,1.9,1.4,1.5333348382954495,-0.09538665056063965,1.281172127522119,0.08008285948576539,-0.8946071389191713
421,NA,NA,recent,3.8,3.7,3.7,3.8,3.9,3.1,4.142857142857143,4.142857142857143,2.75,2.2857142857142856,4,1.9,1,2,1,0.33323631311702034,-0.997632145275395,-1.0664847208698347,-0.16566759481406318,-0.8946071389191713
422,NA,NA,recent,4.4,3.5,4.8,3.2,2.2,2.3,5.142857142857143,5.857142857142857,4,5.142857142857143,4,1.1,1,1.2,1,0.33323631311702034,0.1301747231180492,1.1693789442653597,0.6944589952353372,0.9125891919627723
423,NA,NA,not recent,3.3,4,3.9,3.5,3.5,3.5,4.142857142857143,3.5714285714285716,2.75,3.4285714285714284,1,1.4,1.3,1.6,1.6,-1.4669114746506233,-0.997632145275395,-0.17213925481575718,-0.16566759481406318,-1.4970059158798197
424,NA,NA,not recent,3,3.6,3.7,3.4,3.4,4.1,5,4.857142857142857,3.75,3.857142857142857,1.25,1.2,1,1.4,1.1,-1.3168991590033197,-0.09538665056063965,0.16324029495452214,0.57158376808542255,-0.14160866771836197
425,NA,NA,not recent,3.6,3.5,4.2,2.7,4.5,3.8,4.428571428571429,5.714285714285714,4,6.714285714285714,3.5,1.1,1.2,1.3,1.8,0.033211681822413054,0.1301747231180492,2.3991039600897164,0.08008285948576539,0.7619894977226108
426,NA,NA,not recent,1.9,3.8,3.9,2.6,3.6,2.6,5,5.285714285714286,4.75,2.2857142857142856,4.25,1.6,1,1.9,1.3,0.483248628764324,0.8068588441541157,-1.0664847208698347,0.57158376808542255,0.3101904150021244
427,NA,NA,not recent,4.2,3.7,3,4,3.6,3,5,5,3.875,3,1.75,1.8,1.2,1.9,1.2,-1.0168745277087126,0.01739403627870477,-0.5075188045860362,0.57158376808542255,0.008991026521800477
428,NA,NA,not recent,3.2,4,2.2,2.3,4.5,4,4,3.5714285714285716,3.125,2.857142857142857,4,2.8,1.9,3.4,4.3,0.33323631311702034,-0.6592900847573617,-0.6193119878427958,-0.28854282196397785,-1.4970059158798197
429,NA,NA,not recent,3.1,2.8,4.1,3.6,3.8,3.3,4.285714285714286,5.142857142857143,4.125,2.857142857142857,4,2.6,2.3,3.6,2.3,0.33323631311702034,0.24295540995739362,-0.6193119878427958,-0.04279236766414927,0.15959072076196293
430,NA,NA,not recent,2.9,3.6,4.1,4.2,3.9,2.1,5.142857142857143,4.714285714285714,4.125,4.428571428571429,3.5,2.3,1.7,2.4,2.1,0.033211681822413054,0.24295540995739362,0.610413027981561,0.6944589952353372,-0.29220836195852345
431,NA,NA,not recent,2.1,3.7,3,3.3,3.8,3.7,2.4285714285714284,3.857142857142857,3,2.4285714285714284,2.25,1.5,1.1,1.8,1,-0.7168498964141051,-0.7720707715967062,-0.9546915376130751,-1.6401703206130356,-1.1958065273994958
432,NA,NA,not recent,3,4.2,3.1,3.4,3.4,3.3,4.285714285714286,5.285714285714286,4.75,5.285714285714286,2.25,3.3,1.6,3.5,2.5,-0.7168498964141051,0.8068588441541157,1.281172127522119,-0.04279236766414927,0.3101904150021244
433,NA,NA,not recent,3.9,2.6,4.2,3.3,3.3,2,2.5714285714285716,4.142857142857143,2.5,1.1428571428571428,1.5,1,1,1,1,-1.1668868433560162,-1.223193518954084,-1.9608301869239124,-1.517295093463121,-0.8946071389191713
434,NA,NA,not recent,3.5,4.2,2.3,4.1,3.7,4,2.857142857142857,3.2857142857142856,3,3.2857142857142856,4.75,1,1,1,1,0.7832732600589313,-0.7720707715967062,-0.28393243807251684,-1.2715446391632925,-1.798205304360144
435,NA,NA,not recent,3.7,3.4,4.3,3.9,2.9,2.8,5.428571428571429,5.285714285714286,4,5.285714285714286,4,1.6,1.3,2.5,1.8,0.33323631311702034,0.1301747231180492,1.281172127522119,0.9402094495351657,0.3101904150021244
436,NA,NA,not recent,2.4,4.2,3.4,2.8,4.6,3.5,6.285714285714286,4,5.375,3.7142857142857144,3.25,3.6,1.7,4.1,3.4,-0.11680063382489059,1.3707622783508377,0.05144711169776247,1.6774608124346515,-1.0452068331593338
437,NA,NA,not recent,3.3,4,4,2.4,4.7,2.5,5.857142857142857,5,3.5,2.4285714285714284,3.25,1,1.4,1.8,3.5,-0.11680063382489059,-0.3209480242393285,-0.9546915376130751,1.3088351309849082,0.008991026521800477
438,NA,NA,not recent,3.1,2,2.2,3.4,4.4,2.8,2,2.7142857142857144,1.25,4.142857142857143,2.25,1.7,1,1.8,1.4,-0.7168498964141051,-2.3510003873475283,0.3868266614680418,-2.0087960020627786,-2.400604081320792
439,NA,NA,recent,3.7,2.9,3.9,3.8,4,3.2,1.5714285714285714,2.2857142857142856,2.125,4.142857142857143,6.25,1,1,1.1,1,1.6833471539427531,-1.561535579472117,0.3868266614680418,-2.3774216835125217,-2.8524031640412786
440,NA,NA,not recent,3.2,3.8,3.9,3.6,2.9,3.1,4.857142857142857,5.428571428571429,5.125,3.857142857142857,1.75,1.4,1.1,2.4,1.8,-1.0168745277087126,1.145200904672149,0.16324029495452214,0.4487085409355078,0.46079010924228686
441,NA,NA,not recent,3.2,3.6,4.1,3.6,3.1,2.9,4.428571428571429,5.285714285714286,4.5,3.7142857142857144,3.5,2.4,1.7,2.8,2.6,0.033211681822413054,0.5812974704754269,0.05144711169776247,0.08008285948576539,0.3101904150021244
442,NA,NA,not recent,4.1,4.5,1.7,3.4,4.2,4.1,3.142857142857143,4.285714285714286,4,2.857142857142857,3,1,1,1,1,-0.26681294947219425,0.1301747231180492,-0.6193119878427958,-1.025794184863464,-0.7440074446790098
443,NA,NA,not recent,3.5,3.1,3.6,3.7,4.3,3.3,2,4.142857142857143,1.625,3,2.5,1,1,1,1,-0.5668375807668016,-2.0126583268294946,-0.5075188045860362,-2.0087960020627786,-0.8946071389191713
444,NA,NA,not recent,3.2,3.5,3.5,3.8,2.2,3.1,4.285714285714286,4.285714285714286,3.75,2.7142857142857144,1.5,2.4,1.2,2.4,2,-1.1668868433560162,-0.09538665056063965,-0.7311051710995555,-0.04279236766414927,-0.7440074446790098
445,NA,NA,recent,3.1,4,3.2,3,3.2,3.6,1.8571428571428572,4.428571428571429,3.625,3.5714285714285716,5,2.8,1,2.2,1.2,0.9332855757062349,-0.20816733739998408,-0.06034607155899718,-2.1316712292126927,-0.5934077504388474
446,NA,NA,not recent,3.2,4.4,3.2,3.9,4.6,4.1,4.857142857142857,5.142857142857143,3.625,2.5714285714285716,2.25,2.5,2,3.6,2.2,-0.7168498964141051,-0.20816733739998408,-0.8428983543563151,0.4487085409355078,0.15959072076196293
447,NA,NA,not recent,2.5,3.8,2.7,3.1,4.2,4.2,4.857142857142857,4.142857142857143,2.625,3.5714285714285716,2.5,1.8,1,1.7,1.3,-0.5668375807668016,-1.1104128321147395,-0.06034607155899718,0.4487085409355078,-0.8946071389191713
448,NA,NA,not recent,3.2,3.5,3.6,3,3.7,2.7,4.142857142857143,4.714285714285714,3,2.4285714285714284,3.5,1.9,1,1.6,1.3,0.033211681822413054,-0.7720707715967062,-0.9546915376130751,-0.16566759481406318,-0.29220836195852345
449,NA,NA,not recent,4.2,3.9,3.8,4.4,3.2,1.2,3.5714285714285716,3,2.5,2.4285714285714284,3.5,1,1,1,1,0.033211681822413054,-1.223193518954084,-0.9546915376130751,-0.6571685034137207,-2.099404692840468
450,NA,NA,recent,4.1,3.5,3.4,3.7,3.6,2,4.285714285714286,3.5714285714285716,5.125,1.7142857142857142,3,1.1,1.2,1.3,2,-0.26681294947219425,1.145200904672149,-1.5136574538968737,-0.04279236766414927,-1.4970059158798197
451,NA,NA,recent,3.3,3.2,3.8,3.9,3.8,3.7,4.428571428571429,4.142857142857143,4,4.285714285714286,5.25,1,1,1.1,1,1.0832978913535385,0.1301747231180492,0.4986198447248011,0.08008285948576539,-0.8946071389191713
452,NA,NA,not recent,2.6,4.2,3.1,4.2,3.9,3.4,1,4.857142857142857,3.875,2.142857142857143,2,1,1,1,1,-0.8668622120614088,0.01739403627870477,-1.1782779041265945,-2.868922592112179,-0.14160866771836197
453,NA,NA,recent,3.3,3.7,4,3.4,4,3.8,2.857142857142857,4.857142857142857,4.875,5.285714285714286,4,1.4,1.2,1.7,1.8,0.33323631311702034,0.9196395309934602,1.281172127522119,-1.2715446391632925,-0.14160866771836197
454,NA,NA,not recent,3,4.2,3.3,3.4,2.1,3.4,3.7142857142857144,4.428571428571429,2.625,3.4285714285714284,4.25,2.6,1.3,2.5,1.3,0.483248628764324,-1.1104128321147395,-0.17213925481575718,-0.5342932762638064,-0.5934077504388474
455,NA,NA,not recent,3.6,2.5,3.4,3,4,2.7,5.142857142857143,5.714285714285714,4.125,2.142857142857143,3.75,3.5,1.4,3.2,2.2,0.1832239974697167,0.24295540995739362,-1.1782779041265945,0.6944589952353372,0.7619894977226108
456,NA,NA,not recent,3.8,3.9,3.3,3.9,4.2,3.7,4.571428571428571,5,4.25,3.7142857142857144,4.5,1,1,1,1,0.6332609444116276,0.355736096796738,0.05144711169776247,0.2029580866356793,0.008991026521800477
457,NA,NA,recent,3.9,4.2,2.5,4.4,3.9,2.5,5.571428571428571,3.857142857142857,3.375,1.1428571428571428,5.75,1.7,1.7,2.6,1.8,1.3833225226481458,-0.4337287110786729,-1.9608301869239124,1.0630846766850797,-1.1958065273994958
458,NA,NA,not recent,2.3,5,4.4,4.5,2.6,3.7,3.4285714285714284,5,5,3.142857142857143,4.25,3.1,1,3.5,1.1,0.483248628764324,1.0324202178328046,-0.3957256213292765,-0.7800437305636353,0.008991026521800477
459,NA,NA,recent,3.4,3.9,3.2,4.2,3.3,3.3,4.571428571428571,5.428571428571429,5,4.571428571428571,4.5,1,1,1.4,1,0.6332609444116276,1.0324202178328046,0.7222062112383204,0.2029580866356793,0.46079010924228686
460,NA,NA,recent,2.9,4.4,3.3,4.6,4,3.3,4.142857142857143,4.428571428571429,3.375,3.2857142857142856,4.75,1,1,1,1,0.7832732600589313,-0.4337287110786729,-0.28393243807251684,-0.16566759481406318,-0.5934077504388474
461,NA,NA,recent,3.2,3.3,2.8,3.5,4.1,4,3,5,3.125,2.7142857142857144,4.75,1.1,1,1.2,1.1,0.7832732600589313,-0.6592900847573617,-0.7311051710995555,-1.1486694120133782,0.008991026521800477
462,NA,NA,not recent,3.4,3,2.9,3.7,4.1,3.5,3.142857142857143,4.571428571428571,4.625,3,2.5,1.7,1,2,1.3,-0.5668375807668016,0.6940781573147713,-0.5075188045860362,-1.025794184863464,-0.4428080561986859
463,NA,NA,not recent,3.9,4,3,3.3,4.8,3.9,4.142857142857143,3.5714285714285716,2.625,3.5714285714285716,2.25,1,1,1,1,-0.7168498964141051,-1.1104128321147395,-0.06034607155899718,-0.16566759481406318,-1.4970059158798197
464,NA,NA,not recent,2.6,3.9,3.2,2.7,3.7,3.4,5.142857142857143,5.571428571428571,3,5.857142857142857,2.5,3.6,1.7,4.2,3.5,-0.5668375807668016,-0.7720707715967062,1.7283448605491576,0.6944589952353372,0.6113898034824484
465,NA,NA,recent,2.7,4.7,4.5,4.2,2.5,3,2.857142857142857,3.7142857142857144,4,5.857142857142857,5,1,1,1,1,0.9332855757062349,0.1301747231180492,1.7283448605491576,-1.2715446391632925,-1.3464062216396577
466,NA,NA,not recent,2.7,3.4,3.6,2.8,4.9,4.1,3.857142857142857,3.857142857142857,3.375,6.857142857142857,4.25,2,1.3,2,2.2,0.483248628764324,-0.4337287110786729,2.5108971433464755,-0.4114180491138921,-1.1958065273994958
467,NA,NA,not recent,3.1,3.3,2.7,3.4,4.1,3.5,3.142857142857143,3.5714285714285716,3.875,2.142857142857143,1.5,2,1,2.4,1.6,-1.1668868433560162,0.01739403627870477,-1.1782779041265945,-1.025794184863464,-1.4970059158798197
468,NA,NA,not recent,3.1,3.2,2,3.4,4.6,3,1.8571428571428572,3,2,1.1428571428571428,1.75,1.6,1.1,2,1,-1.0168745277087126,-1.6743162663114615,-1.9608301869239124,-2.1316712292126927,-2.099404692840468
469,NA,NA,not recent,2.6,3.6,3.2,4.1,4.2,4.2,4.428571428571429,5.714285714285714,2.875,2.5714285714285716,4.75,2.4,1.5,3.1,1.9,0.7832732600589313,-0.8848514584360506,-0.8428983543563151,0.08008285948576539,0.7619894977226108
470,NA,NA,not recent,1.7,4.9,3.4,3.4,3.2,2.4,5.285714285714286,6.142857142857143,6.25,3.5714285714285716,2,1,1,1,1,-0.8668622120614088,2.1602270862262487,-0.06034607155899718,0.8173342223852511,1.2137885804430972
471,NA,NA,not recent,2.5,3.2,2.9,2.8,4.3,2.3,5.142857142857143,3.2857142857142856,4.625,3.857142857142857,2.75,1.3,1.3,1.6,1.5,-0.4168252651194979,0.6940781573147713,0.16324029495452214,0.6944589952353372,-1.798205304360144
472,NA,NA,recent,2.7,3.8,4,3.4,2.5,3.8,4.142857142857143,6.428571428571429,4.125,3.4285714285714284,4.5,1,1,1,1,0.6332609444116276,0.24295540995739362,-0.17213925481575718,-0.16566759481406318,1.5149879689234211
473,NA,NA,not recent,3.7,2.8,4.1,3.8,3.8,3.2,4.142857142857143,5.142857142857143,2.75,3.4285714285714284,3,1.1,1,1.3,1.1,-0.26681294947219425,-0.997632145275395,-0.17213925481575718,-0.16566759481406318,0.15959072076196293
474,NA,NA,not recent,2.6,3,4.4,2.5,3.4,2,3,4,2,4.428571428571429,3.25,1.7,1,2.6,1.1,-0.11680063382489059,-1.6743162663114615,0.610413027981561,-1.1486694120133782,-1.0452068331593338
475,NA,NA,recent,3.5,3.8,4.3,3.5,2.8,3.2,3.4285714285714284,4.571428571428571,4.625,4.571428571428571,3.75,1.9,1.4,1.7,1.5,0.1832239974697167,0.6940781573147713,0.7222062112383204,-0.7800437305636353,-0.4428080561986859
476,NA,NA,recent,2.2,3.2,4.1,2.7,3.9,2.7,5.428571428571429,5,5.25,6.142857142857143,5.5,1,1,1,1,1.2333102070008422,1.2579815915114934,1.9519312270626776,0.9402094495351657,0.008991026521800477
477,NA,NA,not recent,2.6,3.6,3.3,2.9,3.4,3.9,5.285714285714286,5.857142857142857,4.875,3.7142857142857144,3.25,3.1,1,2.9,1.7,-0.11680063382489059,0.9196395309934602,0.05144711169776247,0.8173342223852511,0.9125891919627723
478,NA,NA,recent,2.8,3.3,3.6,3.2,3.5,3.1,5.714285714285714,6.142857142857143,5.25,2,6.75,2,1.4,2.4,1.6,1.9833717852373605,1.2579815915114934,-1.290071087383354,1.1859599038349944,1.2137885804430972
479,NA,NA,not recent,2.6,4.8,3.8,4,3.6,3.4,4.142857142857143,5,3.875,5.285714285714286,5,1.4,1,1.4,1,0.9332855757062349,0.01739403627870477,1.281172127522119,-0.16566759481406318,0.008991026521800477
480,NA,NA,not recent,2.8,3.6,3.7,4.3,3.8,3.1,5.142857142857143,4.857142857142857,3.75,2.5714285714285716,2,1.2,1.3,1,1.8,-0.8668622120614088,-0.09538665056063965,-0.8428983543563151,0.6944589952353372,-0.14160866771836197
481,NA,NA,recent,2.5,4.3,4,2.5,3.9,2.1,6.428571428571429,6.142857142857143,5.25,5.428571428571429,5.5,2.7,1,3.1,1,1.2333102070008422,1.2579815915114934,1.392965310778879,1.800336039584566,1.2137885804430972
482,NA,NA,recent,2.8,3.1,3.3,3.5,3.5,4.2,2,4,3.5,4.571428571428571,4.75,1.6,1,1.6,1,0.7832732600589313,-0.3209480242393285,0.7222062112383204,-2.0087960020627786,-1.0452068331593338
483,NA,NA,not recent,2.4,3.9,3.8,3.8,2.3,3.9,4.428571428571429,4.571428571428571,2.25,5.714285714285714,3.75,2.4,1,2.6,1.1,0.1832239974697167,-1.4487548926327727,1.6165516772923985,0.08008285948576539,-0.4428080561986859
484,NA,NA,not recent,4.4,3.7,3.2,3,3.3,2.1,4.142857142857143,4.428571428571429,4,2.2857142857142856,3.25,1.4,1.2,1.7,1.9,-0.11680063382489059,0.1301747231180492,-1.0664847208698347,-0.16566759481406318,-0.5934077504388474
485,NA,NA,not recent,3.7,3,3,3.8,3.4,3.1,3.7142857142857144,4.714285714285714,2.625,5,1,1,1,1,1,-1.4669114746506233,-1.1104128321147395,1.0575857610085997,-0.5342932762638064,-0.29220836195852345
487,NA,NA,recent,2.7,4.9,4,4.1,4.2,3,5.428571428571429,5.857142857142857,4.375,2,3.5,1.7,1,1.7,1,0.033211681822413054,0.46851678363608246,-1.290071087383354,0.9402094495351657,0.9125891919627723
488,NA,NA,not recent,3.3,3.4,3.6,4,3.4,3.4,5.571428571428571,4.428571428571429,3.875,2.2857142857142856,3.5,1.1,1,1.2,1,0.033211681822413054,0.01739403627870477,-1.0664847208698347,1.0630846766850797,-0.5934077504388474
489,NA,NA,not recent,3.7,3.9,4,4.3,3.7,2,4.285714285714286,4.571428571428571,3.375,5,2.25,1,1,1.2,1.4,-0.7168498964141051,-0.4337287110786729,1.0575857610085997,-0.04279236766414927,-0.4428080561986859
490,NA,NA,recent,3.1,2.8,3.2,2.7,3.3,3.4,4.571428571428571,5.714285714285714,3.25,3.142857142857143,4.5,3.1,1.7,3.3,2.8,0.6332609444116276,-0.5465093979180173,-0.3957256213292765,0.2029580866356793,0.7619894977226108
491,NA,NA,recent,3.4,3.1,3.5,4,3.5,2.1,3.4285714285714284,4.857142857142857,3.875,4.714285714285714,4.75,2.4,1,2.5,1,0.7832732600589313,0.01739403627870477,0.8339993944950804,-0.7800437305636353,-0.14160866771836197
492,NA,NA,recent,2.5,3.1,2.6,1.6,4,3.7,5.428571428571429,6.428571428571429,3.75,2.5714285714285716,4,4.3,2.6,4.6,3.1,0.33323631311702034,-0.09538665056063965,-0.8428983543563151,0.9402094495351657,1.5149879689234211
493,NA,NA,recent,2.5,3.1,3.9,4.2,2.4,3.6,4.857142857142857,5.285714285714286,2,3.2857142857142856,4,2.5,2.2,3.1,3.5,0.33323631311702034,-1.6743162663114615,-0.28393243807251684,0.4487085409355078,0.3101904150021244
495,NA,NA,not recent,3.8,3.6,3.1,2.8,2.8,3.7,4.714285714285714,5,3.5,3.2857142857142856,1.25,2.7,1.3,2.7,1.3,-1.3168991590033197,-0.3209480242393285,-0.28393243807251684,0.32583331378559394,0.008991026521800477
496,NA,NA,not recent,3.8,3.3,3.1,3.1,3.5,3.7,5.142857142857143,5,4.375,5.428571428571429,5.75,3.1,2.3,3.3,3.5,1.3833225226481458,0.46851678363608246,1.392965310778879,0.6944589952353372,0.008991026521800477
497,NA,NA,recent,4.2,4.1,4.7,3,3.2,2.2,5.285714285714286,6.428571428571429,5.125,4.571428571428571,6.25,1.6,1,2,1.3,1.6833471539427531,1.145200904672149,0.7222062112383204,0.8173342223852511,1.5149879689234211
498,NA,NA,not recent,3.2,3.3,2.8,3.6,4.3,3.2,4.571428571428571,4.571428571428571,4.5,4.714285714285714,1.75,1.3,1,1.3,1,-1.0168745277087126,0.5812974704754269,0.8339993944950804,0.2029580866356793,-0.4428080561986859
499,NA,NA,not recent,2.9,3.8,3.3,2.5,4.4,3.8,2.2857142857142856,5.857142857142857,5,3.7142857142857144,1.25,2.5,1.1,2.9,1.2,-1.3168991590033197,1.0324202178328046,0.05144711169776247,-1.7630455477629499,0.9125891919627723
500,NA,NA,not recent,2.9,2.5,3.5,3.3,3.7,4,3.7142857142857144,4,2.125,2.7142857142857144,3.5,1.7,1,1.9,1.3,0.033211681822413054,-1.561535579472117,-0.7311051710995555,-0.5342932762638064,-1.0452068331593338
501,NA,NA,not recent,3.1,4,4,3.5,3.8,3.4,4.714285714285714,4.571428571428571,2.25,5.428571428571429,1.5,2.4,1.1,2.9,1.8,-1.1668868433560162,-1.4487548926327727,1.392965310778879,0.32583331378559394,-0.4428080561986859
502,NA,NA,recent,3.4,4.4,3.5,3.7,4.2,2.8,5.857142857142857,5.857142857142857,4.25,4.714285714285714,6.25,1.4,1,1.4,1,1.6833471539427531,0.355736096796738,0.8339993944950804,1.3088351309849082,0.9125891919627723
503,NA,NA,not recent,3,4.4,4.1,3.6,4.6,3.5,5.285714285714286,6.285714285714286,4.25,4,4.75,1.8,1,2.1,1.3,0.7832732600589313,0.355736096796738,0.27503347821128177,0.8173342223852511,1.3643882746832587
504,NA,NA,recent,3.1,3.9,3.2,3.5,3.4,3.6,4.142857142857143,5.428571428571429,4.5,2,3,2.6,2,2.3,2.3,-0.26681294947219425,0.5812974704754269,-1.290071087383354,-0.16566759481406318,0.46079010924228686
506,NA,NA,recent,3.3,3.8,3.3,3.4,4.2,3,2.7142857142857144,3.5714285714285716,4.625,3.857142857142857,5.5,1.4,1.4,1.8,2.2,1.2333102070008422,0.6940781573147713,0.16324029495452214,-1.3944198663132068,-1.4970059158798197
507,NA,NA,not recent,3.4,3.7,3.4,4,4,4.2,3.2857142857142856,4,2.75,1.8571428571428572,1.5,1,1,1.2,1.2,-1.1668868433560162,-0.997632145275395,-1.4018642706401139,-0.9029189577135496,-1.0452068331593338
508,NA,NA,not recent,3.6,3.5,4,4.7,4.5,3.1,4.285714285714286,4.714285714285714,3.375,6.571428571428571,5,1.8,1,2.3,1.1,0.9332855757062349,-0.4337287110786729,2.2873107768329564,-0.04279236766414927,-0.29220836195852345
509,NA,NA,not recent,2.6,3,3.3,2.6,2.2,3.5,6.714285714285714,7.142857142857143,5.75,4.142857142857143,2.75,4.2,1.3,4.9,2.5,-0.4168252651194979,1.7091043388688711,0.3868266614680418,2.0460864938843946,2.2679864401242313
510,NA,NA,recent,3.7,3.1,2.8,4.4,4.1,3.1,5.285714285714286,5.285714285714286,4.125,2,4.25,3.3,1,4.4,2.2,0.483248628764324,0.24295540995739362,-1.290071087383354,0.8173342223852511,0.3101904150021244
511,NA,NA,not recent,3.4,4.7,3.2,3.5,2.6,3.5,2.142857142857143,3.2857142857142856,3.125,3.5714285714285716,2.75,2,1,2.1,1,-0.4168252651194979,-0.6592900847573617,-0.06034607155899718,-1.8859207749128641,-1.798205304360144
512,NA,NA,recent,3.1,4.1,3.6,2.7,3.1,3.7,5.714285714285714,4.142857142857143,3.75,4.285714285714286,5.75,2.1,1,2.3,1.4,1.3833225226481458,-0.09538665056063965,0.4986198447248011,1.1859599038349944,-0.8946071389191713
513,NA,NA,not recent,3.1,4,4.1,4.1,3.3,2.9,5.142857142857143,5.142857142857143,1.75,3.4285714285714284,5.5,1.8,1,1.9,1.2,1.2333102070008422,-1.8998776399901505,-0.17213925481575718,0.6944589952353372,0.15959072076196293
514,NA,NA,not recent,3,4,3,3.5,2.2,2.6,4.285714285714286,4.857142857142857,4,2.4285714285714284,2.5,1.7,1.2,2.2,1.4,-0.5668375807668016,0.1301747231180492,-0.9546915376130751,-0.04279236766414927,-0.14160866771836197
515,NA,NA,recent,2.8,5,4.2,3.8,3.5,3.3,5.571428571428571,5.428571428571429,1.625,2.2857142857142856,2.75,1,1,1,1,-0.4168252651194979,-2.0126583268294946,-1.0664847208698347,1.0630846766850797,0.46079010924228686
516,NA,NA,recent,4,2,3.1,2.8,3.5,2.6,3.4285714285714284,2.857142857142857,1.5,5.285714285714286,5.5,1.9,1,1.9,1,1.2333102070008422,-2.125439013668839,1.281172127522119,-0.7800437305636353,-2.25000438708063
517,NA,NA,not recent,2.7,4.7,3.4,2,1.7,2,5.142857142857143,5.571428571428571,4.5,3.142857142857143,1.75,2.7,1.2,2.4,1.1,-1.0168745277087126,0.5812974704754269,-0.3957256213292765,0.6944589952353372,0.6113898034824484
518,NA,NA,recent,2.5,4,3.5,3.2,3.9,3.1,4.428571428571429,4.428571428571429,2.875,4.285714285714286,5.5,2.7,1.2,2.8,1.6,1.2333102070008422,-0.8848514584360506,0.4986198447248011,0.08008285948576539,-0.5934077504388474
519,NA,NA,not recent,3.3,3.1,3.5,3.8,4.5,3.6,4.857142857142857,5.142857142857143,4.375,4.714285714285714,2,1.1,1,1.6,1.6,-0.8668622120614088,0.46851678363608246,0.8339993944950804,0.4487085409355078,0.15959072076196293
520,NA,NA,recent,2.6,4.4,3.9,3.5,4.1,2.8,5.714285714285714,6.285714285714286,5.5,5.857142857142857,4.25,4.4,1.4,3.3,1.9,0.483248628764324,1.4835429651901821,1.7283448605491576,1.1859599038349944,1.3643882746832587
521,NA,NA,not recent,3.3,3.7,3.8,2.4,3.6,3.2,4.857142857142857,5.428571428571429,3,3.5714285714285716,3,3.5,2.2,3.7,3.4,-0.26681294947219425,-0.7720707715967062,-0.06034607155899718,0.4487085409355078,0.46079010924228686
522,NA,NA,recent,4,3.1,2.6,3.5,2.8,3,4.571428571428571,5.714285714285714,5.125,2,3.75,2,1,2,1.6,0.1832239974697167,1.145200904672149,-1.290071087383354,0.2029580866356793,0.7619894977226108
523,NA,NA,not recent,3.2,4.4,3.9,3.3,4.3,2.2,3.857142857142857,5,3.125,2.142857142857143,2.75,2.4,1,2.7,1.3,-0.4168252651194979,-0.6592900847573617,-1.1782779041265945,-0.4114180491138921,0.008991026521800477
524,NA,NA,not recent,3.8,4.6,4,4.3,3.3,2.6,4.142857142857143,4.428571428571429,2.375,2.5714285714285716,2.5,1.6,1.4,2.2,1.7,-0.5668375807668016,-1.3359742057934283,-0.8428983543563151,-0.16566759481406318,-0.5934077504388474
525,NA,NA,not recent,2.8,2.8,2.1,2.4,3.9,3.4,2.5714285714285716,2.857142857142857,2.5,1.1428571428571428,1.25,1.3,1,1.1,1,-1.3168991590033197,-1.223193518954084,-1.9608301869239124,-1.517295093463121,-2.25000438708063
526,NA,NA,recent,3.8,2.7,3.1,3.7,4.5,3.3,4.285714285714286,4.142857142857143,4,2.7142857142857144,6,3.7,1.1,2.8,1.5,1.5333348382954495,0.1301747231180492,-0.7311051710995555,-0.04279236766414927,-0.8946071389191713
527,NA,NA,not recent,3.2,3.7,3.7,3.8,4.4,2.8,6.142857142857143,5.571428571428571,5.25,3.142857142857143,2.75,1.2,1,1.5,1.7,-0.4168252651194979,1.2579815915114934,-0.3957256213292765,1.5545855852847374,0.6113898034824484
528,NA,NA,recent,3.3,4.1,2.8,3.3,4.1,3.9,1.2857142857142858,4.285714285714286,3.125,2.5714285714285716,2,1.6,1.1,2.1,2.1,-0.8668622120614088,-0.6592900847573617,-0.8428983543563151,-2.6231721378123503,-0.7440074446790098
529,NA,NA,recent,3.5,3.3,3.2,3.5,3.2,3.5,5.428571428571429,5,4.5,3.7142857142857144,4.75,1.5,1.1,1.2,1.3,0.7832732600589313,0.5812974704754269,0.05144711169776247,0.9402094495351657,0.008991026521800477
530,NA,NA,not recent,3.2,4.6,3.1,3.5,4.6,2.5,2.5714285714285716,3.7142857142857144,2.625,4.428571428571429,2.25,1.4,1.2,1.5,1.2,-0.7168498964141051,-1.1104128321147395,0.610413027981561,-1.517295093463121,-1.3464062216396577
531,NA,NA,recent,3.2,4,3.9,4.2,3.4,3.3,3,6.142857142857143,3.125,3.857142857142857,4.5,1,1,1,1,0.6332609444116276,-0.6592900847573617,0.16324029495452214,-1.1486694120133782,1.2137885804430972
532,NA,NA,not recent,3.9,3.8,3.2,3.5,2.9,2.7,2.7142857142857144,5.714285714285714,3.875,4.571428571428571,2.25,1.6,1.1,1.6,1,-0.7168498964141051,0.01739403627870477,0.7222062112383204,-1.3944198663132068,0.7619894977226108
533,NA,NA,not recent,2.6,4.1,2.3,4,3.6,4.4,3.4285714285714284,4.428571428571429,4.625,1.8571428571428572,2.25,2.4,1.2,2.5,1.9,-0.7168498964141051,0.6940781573147713,-1.4018642706401139,-0.7800437305636353,-0.5934077504388474
534,NA,NA,not recent,3.4,3.6,3.8,4,4.3,3.7,5.571428571428571,4.571428571428571,3.375,2,3.25,1.1,1,1.5,1.3,-0.11680063382489059,-0.4337287110786729,-1.290071087383354,1.0630846766850797,-0.4428080561986859
535,NA,NA,not recent,3.3,3.4,3.8,4.2,4.1,2.5,6,5.571428571428571,3,1.8571428571428572,1.5,1,1,1,1,-1.1668868433560162,-0.7720707715967062,-1.4018642706401139,1.431710358134823,0.6113898034824484
536,NA,NA,not recent,2.5,3.1,3.5,2.9,2.9,3.2,4.714285714285714,5.428571428571429,3.5,4.142857142857143,5,2.7,1.6,3.3,2.3,0.9332855757062349,-0.3209480242393285,0.3868266614680418,0.32583331378559394,0.46079010924228686
537,NA,NA,not recent,3.3,3.5,2.9,3.8,3.9,3.6,2.857142857142857,4.142857142857143,2.75,2.142857142857143,1,1,1,1,1,-1.4669114746506233,-0.997632145275395,-1.1782779041265945,-1.2715446391632925,-0.8946071389191713
538,NA,NA,not recent,2.6,3.2,3.3,3.1,2.5,2.9,6.285714285714286,5.714285714285714,5.125,5.714285714285714,3.5,1,1,1,1,0.033211681822413054,1.145200904672149,1.6165516772923985,1.6774608124346515,0.7619894977226108
539,NA,NA,not recent,3.7,3.8,4.5,4.1,4.1,2.4,4.285714285714286,5.142857142857143,3,4.857142857142857,5.75,2.8,1.5,2.8,2.4,1.3833225226481458,-0.7720707715967062,0.9457925777518398,-0.04279236766414927,0.15959072076196293
540,NA,NA,not recent,3.3,2.3,4.1,4,4.1,2.1,6,4.714285714285714,3.375,2.5714285714285716,3.5,2.9,2.1,4.1,4,0.033211681822413054,-0.4337287110786729,-0.8428983543563151,1.431710358134823,-0.29220836195852345
541,NA,NA,recent,3.4,4,4,4,4.1,3.9,3.5714285714285716,4.571428571428571,4.125,6.285714285714286,5,1.4,1.2,1.4,1,0.9332855757062349,0.24295540995739362,2.063724410319437,-0.6571685034137207,-0.4428080561986859
542,NA,NA,not recent,2.3,2.8,2.8,2.6,3.6,4.2,4.142857142857143,4.142857142857143,3.875,1.5714285714285714,1.25,3.2,1.9,4.2,3,-1.3168991590033197,0.01739403627870477,-1.6254506371536335,-0.16566759481406318,-0.8946071389191713
543,NA,NA,not recent,4.1,2.8,3.5,3.6,3.5,2.8,5.285714285714286,5.285714285714286,3.25,5.142857142857143,4.25,2.2,1,2,1.1,0.483248628764324,-0.5465093979180173,1.1693789442653597,0.8173342223852511,0.3101904150021244
544,NA,NA,not recent,3.7,3.8,2.6,3.5,2.8,2.7,2.857142857142857,2.7142857142857144,2.25,2.7142857142857144,1.75,1.4,1,1.2,1,-1.0168745277087126,-1.4487548926327727,-0.7311051710995555,-1.2715446391632925,-2.400604081320792
545,NA,NA,not recent,3.1,3.6,5,2.1,3.2,2.9,5,5.428571428571429,4.625,4.428571428571429,4,1.7,1.1,1.6,1.2,0.33323631311702034,0.6940781573147713,0.610413027981561,0.57158376808542255,0.46079010924228686
546,NA,NA,not recent,3.5,3.6,3.7,3,4.2,4.2,5.285714285714286,5,3.375,2.2857142857142856,2.75,1.3,1,1.4,1.4,-0.4168252651194979,-0.4337287110786729,-1.0664847208698347,0.8173342223852511,0.008991026521800477
547,NA,NA,not recent,3.5,3.8,3,3.6,3.8,3.1,4.857142857142857,6,6.25,4.428571428571429,1.5,1,1,1,1,-1.1668868433560162,2.1602270862262487,0.610413027981561,0.4487085409355078,1.0631888862029348
