StartDate,EndDate,Status,Progress,Duration__in_seconds_,Finished,RecordedDate,ResponseId,DistributionChannel,UserLanguage,PID,DH1,DH2,DH3,DH4,DH5,PVD1,PVD2,PVD3R,PVD4,PVD5R,PVD6,PVD7,PVD8,PVD9,PVD10,PVD11R,PVD12R,PVD13R,PVD14R,PVD15,DS1,DS2,DS3,DS4,DS5,DS6,DS7,WFD1,WFD2,WFD3,WFD4,WFD5,WFD6,WFD7,WFD8,WFD9,WFD10___rating,WMD1,WMD2,WMD3,WMD4,WMD5,WMD6,WMD7,WMD8,WMD9,WMD10,WFN1,WFN2,WFN3,WFN4,WFN5,WFN6,WFN7,WFN8,WFN9,WFN10,WMN1,WMN2,WMN3,WMN4,WMN5,WMN6,WMN7,WMN8,WMN9,WMN10,A1b___yellow_stuff,A2b_sickface,A3b_Crowded_train,A4b_Yellow_red_towel,A5b_wound,A6b_worms,A7b_mite,O1R,C1,A1,X1,E1,H1,O2,C2,A2R,X2R,E2,H2R,O3,C3R,A3R,X3,E3,H3,O4R,C4R,A4R,X4,E4,H4R,O5,C5R,A5,X5R,E5,H5R,O6R,C6R,A6,X6,E6R,H6,O7,C7,A7,X7,E7R,H7R,O8,C8R,A8,X8R,E8,H8R,O9R,C9,A9,X9R,E9R,H9,O10R,C10R,A10R,X10,E10R,H10R
2019-09-09T14:04:37Z,2019-09-09T14:32:22Z,0,100,1665,1,2019-09-09T14:32:23Z,R_4YEXfKqii4kG9KF,anonymous,EN,1,4,4,4,5,2,4,3,2,2,5,3,1,2,1,2,3,4,3,3,1,5,2,3,6,2,5,1,1,1,1,1,1,1,1,1,1,1,1,1,1,1,1,1,1,1,1,1,1,1,1,1,1,1,1,1,1,1,1,1,1,1,1,1,1,1,1,1,1,1,1,3,2,1,2,3,5,4,4,2,3,1,5,4,4,5,4,4,4,2,4,3,3,3,4,4,4,5,4,2,4,4,3,2,3,2,4,3,4,4,5,3,4,4,5,3,2,4,4,3,3,4,2,4,5,5,4,3,4,1,3,3,4,4,5
2019-09-09T14:08:55Z,2019-09-09T14:34:12Z,0,100,1517,1,2019-09-09T14:34:13Z,R_bJxNhwbnAvBe7fz,anonymous,EN,3,6,2,5,1,1,6,2,1,5,2,2,1,1,5,2,6,2,6,3,2,6,5,2,7,2,5,2,2,1,2,1,1,1,1,1,2,1,1,2,2,1,2,2,2,1,2,1,1,1,1,1,1,1,1,1,1,1,1,1,1,1,1,1,1,1,1,1,3,2,1,5,6,3,4,1,4,4,4,4,3,2,4,4,2,4,5,3,2,4,4,5,3,3,4,4,3,3,2,5,2,4,3,4,4,2,4,4,2,5,5,2,3,5,4,4,5,3,3,3,2,4,5,2,2,4,4,4,4,2,2,5,2,5,4
2019-09-09T14:06:53Z,2019-09-09T14:36:06Z,0,100,1752,1,2019-09-09T14:36:07Z,R_u7yDE6HIkWQotzP,anonymous,EN,2,6,1,1,2,1,4,3,2,4,6,4,1,2,1,2,2,6,5,5,2,6,5,2,2,3,1,2,2,1,2,3,3,1,1,2,2,3,4,2,2,1,3,3,3,2,3,1,2,1,1,2,3,1,1,1,1,1,1,4,1,1,1,1,2,1,1,1,1,2,4,2,4,2,1,2,4,4,4,5,3,4,5,3,5,4,2,2,4,4,5,4,1,4,4,5,4,4,4,2,4,2,4,5,2,4,4,4,4,4,2,3,4,4,4,2,2,3,3,4,4,5,2,2,2,3,5,4,4,5,4,2,5,5,2
2019-09-10T07:09:06Z,2019-09-11T08:40:02Z,0,100,91855,1,2019-09-11T08:40:04Z,R_6yDLyNzZZOuhERj,anonymous,EN,9999,3,3,2,4,4,7,7,3,5,6,4,4,5,2,4,6,6,5,5,4,6,6,4,5,7,5,4,3,2,3,1,2,4,2,2,2,2,3,2,4,2,2,1,3,2,2,5,1,2,1,1,1,1,1,1,1,1,1,1,1,2,3,1,3,2,1,1,4,4,2,4,7,7,3,1,5,3,4,4,2,2,4,2,5,4,1,2,3,2,5,4,2,2,3,3,4,2,3,1,4,3,4,4,2,2,1,3,4,5,3,2,4,4,4,4,2,3,3,3,4,4,2,2,4,2,3,5,3,2,4,3,4,3,1
2019-09-11T08:16:47Z,2019-09-11T08:41:56Z,0,100,1508,1,2019-09-11T08:41:56Z,R_3J9StEETzI3P3FT,anonymous,EN,5,6,2,1,1,1,7,2,7,7,2,1,7,2,7,1,7,2,2,4,3,5,1,5,7,6,7,3,1,1,1,1,1,1,1,1,1,1,1,1,1,1,1,1,1,1,1,1,1,1,1,1,1,1,1,1,1,1,1,1,1,1,1,1,1,1,1,1,7,1,6,3,4,7,7,4,4,3,2,2,5,5,4,1,4,5,5,2,5,3,2,2,4,3,4,3,2,1,5,4,4,3,2,4,4,4,5,2,1,5,5,2,4,4,1,2,3,4,4,4,1,4,5,1,5,3,2,2,5,4,3,4,4,4,5
2019-09-11T08:45:56Z,2019-09-11T09:18:05Z,0,100,1928,1,2019-09-11T09:18:06Z,R_3qspZL5kGbZdINF,anonymous,EN,9,7,1,1,1,1,7,3,1,6,4,1,1,1,1,1,5,5,2,3,1,8,1,1,5,6,6,1,1,1,1,1,1,1,1,1,1,1,1,1,1,1,1,1,1,1,1,1,1,1,1,1,1,1,1,1,1,1,1,1,1,1,1,1,1,1,1,1,6,1,3,3,3,5,1,5,5,2,2,1,3,5,5,5,5,5,3,5,5,1,3,5,4,4,4,4,2,5,5,5,5,2,1,5,5,2,3,5,5,5,5,3,5,4,1,4,5,5,4,5,2,5,5,5,5,5,1,1,5,5,5,2,5,5,3
2019-09-11T08:11:12Z,2019-09-11T09:18:21Z,0,100,4028,1,2019-09-11T09:18:21Z,R_1mmhn7Fn9Vl1HsS,anonymous,EN,7,2,4,4,4,5,6,6,5,2,6,5,4,5,6,6,6,6,5,4,4,7,5,5,6,6,5,6,1,1,1,1,1,1,1,1,1,1,1,1,1,1,1,1,1,1,1,1,1,1,1,1,1,1,1,1,1,1,1,1,1,1,1,1,1,1,1,1,3,2,3,5,7,7,6,3,4,2,4,4,3,4,4,2,4,5,2,4,5,1,5,4,2,4,3,2,3,2,5,1,3,3,3,3,2,4,5,2,3,4,3,4,4,3,4,4,2,4,3,3,3,5,4,4,4,2,3,4,2,3,4,2,3,4,2
2019-09-11T09:09:23Z,2019-09-11T09:21:51Z,0,100,748,1,2019-09-11T09:21:51Z,R_bjf3jZLmAMJ63bb,anonymous,EN,8,6,2,2,5,1,6,2,1,5,5,2,2,2,1,3,1,5,3,5,1,7,5,2,5,5,2,5,1,3,2,2,3,1,2,4,3,1,3,1,3,1,3,5,2,2,5,2,1,1,3,2,5,5,3,1,1,1,3,3,3,3,5,5,4,5,2,4,3,5,1,2,6,7,5,5,2,5,3,4,2,5,4,2,5,2,1,5,4,2,3,5,4,5,2,4,5,2,5,4,2,4,4,2,1,5,4,2,3,2,2,5,2,4,2,2,5,4,1,5,4,4,5,5,1,2,2,4,4,5,2,2,4,2,2
2019-09-11T08:18:33Z,2019-09-11T09:24:17Z,0,100,3943,1,2019-09-11T09:24:18Z,R_3iHUUCvg0iBId3B,anonymous,EN,6,6,3,4,1,1,6,2,7,6,2,1,6,3,2,2,5,2,2,2,2,7,3,5,4,6,6,7,1,1,1,1,1,1,1,2,1,1,1,1,1,1,2,2,1,2,2,1,1,1,1,1,1,1,1,1,1,1,2,1,1,1,3,2,2,2,1,1,7,3,2,5,7,4,6,4,5,1,2,3,4,4,5,2,2,5,1,2,5,1,2,3,2,3,4,4,2,2,4,4,2,1,3,4,2,4,4,2,1,5,3,4,4,3,2,2,3,4,4,3,2,5,4,3,5,3,3,4,2,3,4,2,2,2,2
2019-09-11T12:50:12Z,2019-09-11T13:31:42Z,0,100,2489,1,2019-09-11T13:31:43Z,R_31AjiXkGkQQoabX,anonymous,EN,10,6,1,1,1,1,6,6,2,7,5,3,4,3,6,2,6,6,6,5,5,6,5,6,2,6,5,7,2,3,2,2,2,2,2,2,2,2,2,2,2,2,2,2,2,2,2,2,1,1,1,1,1,1,1,1,1,1,1,1,1,1,1,1,1,1,1,1,3,5,1,6,7,6,3,1,5,2,4,5,2,2,4,1,2,5,2,1,4,2,4,3,2,3,5,5,4,2,3,1,5,2,4,4,5,1,4,2,1,3,2,2,4,5,2,1,5,2,4,5,2,4,4,2,2,2,5,4,4,1,5,2,2,3,4
2019-09-11T12:51:29Z,2019-09-11T13:34:39Z,0,100,2590,1,2019-09-11T13:34:40Z,R_2OZRv4lUAakFzte,anonymous,EN,11,4,3,3,4,3,6,7,5,7,7,5,7,7,6,6,5,7,7,7,7,6,5,5,6,6,6,5,1,1,1,1,1,1,1,1,1,1,1,1,1,1,1,1,1,1,1,1,1,1,1,1,1,1,1,1,1,1,1,1,1,1,1,1,1,1,1,1,2,1,4,6,7,3,2,5,5,5,3,5,4,5,5,1,4,5,3,4,5,3,5,3,3,3,4,3,4,1,4,2,5,3,4,4,4,2,4,3,5,5,3,3,5,4,5,3,1,4,3,5,3,5,4,1,5,4,3,4,5,4,2,4,3,1,5
2019-09-11T12:52:44Z,2019-09-11T13:37:32Z,0,100,2687,1,2019-09-11T13:37:33Z,R_10O7yq8dO2LxJOO,anonymous,EN,12,6,3,4,5,2,2,3,2,2,5,3,1,4,5,4,5,4,5,4,2,6,2,4,4,6,4,3,2,4,4,2,2,3,2,3,3,3,3,3,1,3,2,2,1,3,2,2,1,1,1,1,1,1,1,1,2,1,2,2,1,1,1,1,1,1,1,1,2,4,1,2,6,5,5,5,4,5,5,2,3,2,4,2,4,1,2,5,3,4,5,3,2,4,4,5,4,1,5,3,2,2,5,2,5,1,3,2,3,2,3,3,2,4,4,2,5,3,5,5,2,4,4,3,1,2,4,1,4,5,4,2,3,2,5
2019-09-11T13:39:42Z,2019-09-11T14:11:57Z,0,100,1934,1,2019-09-11T14:11:58Z,R_1JPa7l5XUKGtQev,anonymous,EN,13,6,4,2,1,1,7,2,5,7,4,1,5,3,7,1,7,3,7,5,7,5,6,4,7,7,7,4,2,7,7,5,4,2,3,6,4,4,7,2,3,3,4,4,4,3,4,4,1,1,1,1,1,1,1,1,1,1,4,7,1,5,7,1,1,4,1,1,7,7,3,7,7,3,7,4,4,2,4,4,5,3,4,2,4,4,2,4,5,2,5,1,2,5,4,4,5,3,4,2,4,3,4,4,5,2,4,4,3,5,3,3,5,4,3,1,1,3,5,3,3,5,4,2,3,4,2,5,4,4,3,2,4,2,5
2019-09-11T13:42:31Z,2019-09-11T14:12:29Z,0,100,1797,1,2019-09-11T14:12:30Z,R_1hR9hnY2o6VZf3v,anonymous,EN,14,1,6,6,7,7,7,5,6,4,5,6,2,5,2,3,7,6,6,5,2,6,3,4,5,6,3,5,2,2,2,4,5,2,3,3,6,3,3,2,3,2,5,6,6,3,5,3,1,1,2,1,1,2,1,3,1,1,2,4,2,1,4,3,2,1,2,3,6,4,3,5,7,5,3,4,5,4,4,2,4,4,4,4,4,5,5,5,5,4,2,5,2,4,4,5,4,4,4,4,5,4,2,5,4,4,4,4,2,4,4,4,4,2,2,5,4,4,4,4,2,5,4,5,4,2,2,2,4,4,4,4,2,5,4
2019-09-11T13:43:38Z,2019-09-11T14:15:02Z,0,100,1883,1,2019-09-11T14:15:03Z,R_2X4lDE4sFx53gFJ,anonymous,EN,16,7,5,5,3,2,5,4,2,6,6,3,2,3,7,4,5,5,5,6,5,7,5,4,5,6,7,7,2,3,3,5,5,4,3,2,6,5,3,4,5,3,5,6,5,3,6,4,2,1,1,2,1,3,3,2,2,1,3,2,3,1,2,1,3,1,3,4,3,3,2,6,7,7,7,4,4,3,4,3,4,2,4,2,4,4,3,4,4,1,4,2,2,4,4,5,4,2,4,2,3,2,3,2,4,1,3,3,2,4,2,4,4,4,5,4,3,3,5,3,3,5,4,2,5,4,4,5,4,4,4,4,1,4,4
2019-09-11T13:43:04Z,2019-09-11T14:19:42Z,0,100,2198,1,2019-09-11T14:19:43Z,R_28UmTt5o232UO3s,anonymous,EN,15,6,6,2,1,1,4,5,2,7,5,2,1,2,4,3,2,5,1,2,3,6,3,5,7,7,4,5,1,1,1,2,2,1,1,1,2,2,1,1,1,1,2,2,2,1,2,1,1,1,1,1,1,1,1,1,1,1,1,1,1,1,1,1,1,1,1,1,4,1,1,1,7,6,2,2,5,3,5,2,4,4,4,4,4,4,1,5,5,2,5,4,4,2,1,5,5,3,5,4,4,5,3,2,4,4,4,4,5,4,3,4,5,4,4,2,4,5,4,5,4,4,4,4,4,4,4,1,4,4,4,2,4,2,4
2019-09-11T14:25:03Z,2019-09-11T15:02:11Z,0,100,2227,1,2019-09-11T15:02:12Z,R_2UgfS6odF8oRUl4,anonymous,EN,18,2,6,6,6,7,7,5,3,3,6,3,5,6,4,3,6,6,7,6,7,7,5,4,6,7,7,5,1,2,1,1,1,1,1,1,1,1,1,1,1,1,1,1,1,1,2,1,1,1,1,1,1,1,1,1,1,1,1,1,1,1,1,1,1,1,1,1,2,3,4,3,7,6,7,4,4,1,5,4,4,2,4,2,3,4,1,4,5,2,4,4,3,3,4,2,5,4,2,2,4,2,2,4,3,3,4,3,3,4,2,4,4,4,4,3,1,3,4,2,4,5,2,4,4,3,4,5,2,2,4,2,4,4,2
2019-09-11T14:24:07Z,2019-09-11T15:05:40Z,0,100,2493,1,2019-09-11T15:05:41Z,R_zeOXYn3i1dz7Mt3,anonymous,EN,17,7,1,1,3,1,6,3,1,6,4,3,3,2,2,1,7,5,6,3,2,8,4,5,7,7,6,4,1,1,1,1,1,1,1,2,1,1,1,1,1,1,1,1,1,1,1,1,1,1,1,1,1,1,1,1,1,1,1,1,1,1,1,1,1,1,1,1,5,3,3,6,7,7,7,4,3,4,4,2,4,4,5,4,2,5,3,5,4,4,5,4,4,4,4,4,5,2,5,3,2,5,2,2,2,1,4,4,2,4,4,4,5,5,4,2,2,3,4,2,4,3,5,2,4,5,2,2,4,4,3,4,1,1,4
2019-09-11T14:25:56Z,2019-09-11T15:06:08Z,0,100,2412,1,2019-09-11T15:06:09Z,R_3Kp7FA6lUtnJZV0,anonymous,EN,20,6,2,2,2,1,4,2,3,5,2,2,3,2,3,2,3,3,3,3,4,6,3,3,5,3,2,5,3,3,3,3,3,3,3,3,3,3,3,3,3,3,3,3,3,2,3,3,2,2,2,2,2,2,2,2,2,2,3,2,3,2,2,2,2,2,2,2,3,3,2,4,4,4,4,4,4,3,3,3,4,4,4,3,4,4,4,4,5,3,4,4,4,4,4,4,2,2,3,5,4,3,2,3,4,4,4,4,2,4,4,3,4,3,2,2,4,4,4,4,2,3,2,4,4,4,2,2,4,4,3,2,4,2,4
2019-09-11T14:25:29Z,2019-09-11T15:06:22Z,0,100,2453,1,2019-09-11T15:06:23Z,R_2s6F9hgYu2afmcY,anonymous,EN,19,1,7,7,7,7,7,4,6,7,5,2,6,3,6,3,7,4,6,4,5,8,6,6,7,6,7,7,1,1,1,1,2,1,2,2,2,2,1,1,1,1,1,2,1,1,2,1,1,1,1,1,1,1,1,1,1,1,1,1,1,1,1,1,1,1,1,1,6,6,3,7,7,7,6,4,4,4,4,3,4,4,5,1,4,4,5,4,5,2,4,4,3,4,4,5,5,5,5,3,5,4,2,4,4,3,3,3,4,4,4,4,5,4,3,4,3,4,4,4,4,5,4,4,5,2,4,3,4,5,4,4,4,5,4
2019-09-12T08:10:58Z,2019-09-12T08:32:01Z,0,100,1262,1,2019-09-12T08:32:02Z,R_xslxhdM7fumLtqV,anonymous,EN,22,1,6,5,7,7,5,3,1,7,6,3,2,5,2,3,7,5,5,3,2,8,4,5,5,6,7,3,1,1,1,3,2,1,1,2,3,2,2,2,1,2,3,3,2,2,3,2,1,1,1,1,1,1,1,1,1,1,1,1,1,1,1,1,1,1,1,1,5,1,1,4,5,2,2,5,5,5,4,4,4,4,5,2,5,5,5,5,4,4,5,4,5,2,3,5,5,4,2,5,5,5,4,4,2,2,5,2,4,5,4,4,4,4,5,4,4,4,2,4,4,4,2,4,5,2,3,5,5,5,4,2,5,5,5
2019-09-12T08:04:59Z,2019-09-12T08:32:51Z,0,100,1671,1,2019-09-12T08:32:52Z,R_22Ex7p8n7GP5pOP,anonymous,EN,21,6,2,5,2,1,5,4,1,2,6,3,2,2,1,3,2,6,3,3,1,4,5,6,7,7,1,1,3,4,3,2,5,5,2,2,6,4,3,3,2,2,5,5,4,2,5,3,1,1,1,2,4,2,1,1,1,1,4,2,3,1,1,1,5,1,1,4,2,5,5,3,2,1,1,1,2,2,4,1,1,2,4,3,4,5,3,2,2,2,5,4,2,3,1,4,3,4,5,1,2,3,4,4,2,1,4,3,2,4,2,2,4,4,4,5,2,4,2,3,4,5,4,1,2,4,3,5,2,2,2,4,4,4,5
2019-09-12T08:09:46Z,2019-09-12T08:33:39Z,0,100,1432,1,2019-09-12T08:33:40Z,R_3knqYxjE0w8AM7q,anonymous,EN,24,1,6,5,7,7,3,4,1,5,5,5,1,5,6,5,1,5,1,5,3,8,4,4,6,4,4,5,1,1,1,1,1,1,1,1,1,1,1,1,1,1,1,1,1,1,1,1,1,1,1,1,1,1,1,1,1,1,1,1,1,1,1,1,1,1,1,1,2,1,3,5,4,2,2,4,3,4,3,2,3,4,4,3,3,4,3,4,4,2,3,3,3,3,3,3,2,2,3,4,2,3,2,3,4,4,3,3,2,4,2,3,4,4,3,3,4,3,2,3,2,2,4,4,2,3,2,3,3,4,3,3,3,2,4
2019-09-12T08:07:44Z,2019-09-12T08:36:28Z,0,100,1723,1,2019-09-12T08:36:29Z,R_2vetvaMrmgRjXTE,anonymous,EN,23,4,3,3,2,7,5,4,5,3,3,2,2,2,1,1,5,4,5,4,4,5,3,4,7,4,6,6,2,4,1,3,4,2,3,1,4,2,2,1,4,1,4,2,3,1,4,1,1,1,2,1,1,1,1,1,2,1,3,1,2,1,3,2,3,1,2,1,7,2,2,6,7,7,5,1,4,2,4,4,5,3,5,2,3,4,4,2,4,3,4,3,3,5,3,3,3,3,2,1,3,3,3,5,4,2,4,3,2,4,5,4,4,3,4,4,4,5,4,3,3,4,2,4,3,3,3,4,4,4,4,2,3,4,4
2019-09-12T08:40:13Z,2019-09-12T09:17:03Z,0,100,2210,1,2019-09-12T09:17:04Z,R_278dOJXh0eB4WQ9,anonymous,EN,27,1,6,6,6,6,7,5,2,7,4,4,4,5,3,3,4,4,4,4,3,7,5,5,4,7,5,7,1,1,1,1,2,1,2,1,2,1,1,1,1,1,2,3,1,1,2,1,1,1,1,1,1,1,1,1,1,1,1,1,1,1,1,1,1,1,1,1,6,5,4,6,7,6,7,3,4,3,3,3,4,1,4,2,2,4,2,3,4,3,5,3,2,3,2,2,4,5,2,3,3,3,5,1,5,5,3,3,3,2,3,3,3,3,4,2,2,4,2,2,3,4,4,3,3,3,3,3,4,3,3,4,3,2,5
2019-09-12T08:39:08Z,2019-09-12T09:18:57Z,0,100,2388,1,2019-09-12T09:18:58Z,R_1pspaeb5POtuAb4,anonymous,EN,25,6,2,2,2,1,5,4,2,5,4,4,3,3,6,4,5,4,3,4,3,7,5,5,6,7,7,5,4,5,4,2,2,2,3,2,5,4,5,4,4,2,4,5,5,3,5,2,1,1,2,1,1,2,1,1,1,1,2,2,2,2,5,2,2,3,2,2,5,5,5,5,7,7,7,3,5,4,4,4,3,1,5,4,2,5,2,5,5,4,3,4,4,3,3,5,5,3,4,1,4,4,3,4,2,2,4,2,3,5,2,4,4,3,3,4,3,3,4,4,4,4,3,5,5,4,4,4,3,2,4,4,2,3,4
2019-09-12T08:39:34Z,2019-09-12T09:20:53Z,0,100,2479,1,2019-09-12T09:20:53Z,R_3n195uKcaF1bPZ0,anonymous,EN,26,6,2,5,4,1,6,2,2,6,2,2,2,2,1,1,3,3,6,3,2,7,5,5,6,5,7,6,1,1,1,2,2,1,1,1,2,2,2,1,2,1,4,2,2,1,2,2,1,1,1,1,1,1,1,1,1,1,1,1,1,1,1,1,1,1,1,1,5,3,2,5,6,4,6,2,4,1,4,1,5,1,4,5,2,5,3,4,4,2,3,5,2,4,2,5,4,5,5,5,4,1,2,5,3,2,2,4,1,5,3,3,4,4,2,5,2,3,2,5,2,5,5,3,4,5,4,5,2,4,4,5,1,4,5
2019-09-12T14:42:06Z,2019-09-12T15:05:01Z,0,100,1374,1,2019-09-12T15:05:01Z,R_9TDrQRQ9LaSYNxv,anonymous,EN,30,1,7,6,7,7,7,6,6,2,7,5,2,4,7,3,6,5,6,6,2,8,4,3,2,6,7,7,2,2,2,1,1,2,2,2,2,2,2,2,1,1,2,3,1,2,3,2,1,1,1,1,2,1,1,1,1,1,3,1,2,1,1,1,2,2,1,2,1,2,1,1,3,1,1,1,5,2,1,4,2,4,5,2,1,5,4,1,5,4,2,2,3,4,4,4,2,2,4,2,4,2,2,5,3,2,4,2,2,5,2,4,5,4,2,2,1,2,4,4,2,4,5,1,5,4,2,5,2,4,5,4,1,2,4
2019-09-12T14:42:43Z,2019-09-12T15:06:55Z,0,100,1451,1,2019-09-12T15:06:55Z,R_2BeAirFrJ7tR3SU,anonymous,EN,31,2,5,5,5,4,5,2,1,2,3,2,2,2,1,2,5,3,2,4,2,6,3,4,5,5,4,5,1,1,1,1,1,1,1,1,1,1,1,1,1,1,1,1,1,1,1,1,1,1,1,1,1,1,1,1,1,1,1,1,1,1,1,1,1,1,1,1,4,1,2,3,5,6,3,5,5,3,4,3,4,4,5,2,5,4,5,5,4,2,3,4,2,3,4,4,3,2,5,5,4,4,4,2,3,4,5,3,4,4,4,4,4,2,3,4,4,3,4,3,3,4,3,5,4,3,4,4,4,4,4,3,4,4,4
2019-09-12T14:39:48Z,2019-09-12T15:07:01Z,0,100,1632,1,2019-09-12T15:07:01Z,R_p6IA4SCldsJtUhX,anonymous,EN,29,1,6,6,7,7,7,4,4,7,6,4,5,5,6,4,5,5,5,4,4,8,6,6,7,7,7,6,3,6,5,2,1,5,5,3,2,2,5,4,4,3,2,3,1,4,2,4,1,1,1,1,2,1,1,1,1,1,1,3,1,1,1,1,2,1,1,1,5,7,5,7,7,7,7,4,4,5,4,4,2,3,5,4,2,5,4,2,5,4,5,4,4,3,3,4,4,4,3,1,4,3,4,3,3,2,4,2,4,5,2,3,5,3,4,5,2,3,4,3,4,4,4,3,4,4,4,5,4,4,2,4,2,3,5
2019-09-12T14:36:25Z,2019-09-12T15:10:03Z,0,100,2018,1,2019-09-12T15:10:04Z,R_242GINawyl4pAyr,anonymous,EN,28,1,6,7,7,7,5,4,2,6,6,1,4,5,7,3,6,6,6,6,3,7,7,6,6,7,7,4,5,6,4,4,5,5,5,4,4,5,6,5,6,5,5,4,5,5,4,5,1,1,1,2,2,1,1,1,1,2,2,2,2,2,5,2,3,2,2,2,4,7,5,7,7,6,7,2,3,2,4,3,5,3,5,4,4,4,5,2,3,4,5,4,4,3,4,4,5,4,4,2,3,2,4,4,5,1,4,3,3,4,5,4,4,3,3,2,3,3,4,3,4,4,4,1,2,2,5,4,5,4,2,4,3,4,5
2019-09-13T10:59:32Z,2019-09-13T11:32:52Z,0,100,2000,1,2019-09-13T11:32:53Z,R_2EaDrPvRMbugoVd,anonymous,EN,33,7,3,5,5,2,7,5,2,7,6,4,6,5,6,2,7,6,6,4,6,7,5,7,5,6,6,6,2,3,2,2,2,2,3,2,3,2,2,2,2,2,2,3,2,2,2,3,2,2,2,2,2,2,2,2,2,2,2,2,3,2,3,2,2,2,3,2,6,4,5,6,7,7,7,5,5,2,4,4,3,4,5,2,2,5,5,5,5,2,2,4,2,5,5,3,4,4,4,3,4,2,4,4,4,2,5,3,4,5,5,4,4,2,2,3,3,3,4,3,3,4,4,5,5,2,5,4,5,2,5,1,3,4,5
2019-09-13T11:01:08Z,2019-09-13T11:33:15Z,0,100,1927,1,2019-09-13T11:33:16Z,R_27fGfkLCxuiKQ7G,anonymous,EN,35,1,6,6,7,7,6,4,3,6,3,3,2,4,3,3,2,4,4,4,2,6,6,4,5,6,3,7,1,1,1,2,2,1,1,1,2,1,1,1,1,1,1,2,1,1,1,1,1,1,1,1,1,1,1,1,1,1,1,1,1,1,1,1,1,1,1,1,1,1,1,1,2,2,1,4,3,4,4,1,1,5,4,2,4,4,3,5,4,2,5,2,2,4,4,3,4,4,2,4,2,2,4,1,2,4,2,4,3,4,5,4,4,4,4,1,1,4,3,4,4,5,2,5,2,2,5,1,2,4,4,2,4,3,4
2019-09-13T10:57:36Z,2019-09-13T11:34:13Z,0,100,2196,1,2019-09-13T11:34:13Z,R_yOzpGqwCi5lSrTz,anonymous,EN,32,6,2,1,1,1,7,6,2,6,7,1,2,5,1,2,2,6,1,5,4,8,5,5,6,6,5,5,3,5,5,6,5,7,5,3,5,6,7,6,5,5,7,7,5,5,6,6,1,1,2,2,2,2,1,3,2,4,2,3,5,4,2,2,5,5,1,3,6,5,1,6,5,7,7,3,4,2,4,5,5,3,5,2,4,5,3,5,4,2,3,4,5,4,3,3,2,4,5,4,2,2,1,4,4,1,5,3,2,5,3,4,3,4,2,2,2,4,4,3,2,5,5,5,3,4,2,3,5,3,3,2,2,5,4
2019-09-13T11:00:14Z,2019-09-13T11:35:14Z,0,100,2100,1,2019-09-13T11:35:15Z,R_2qxhdzDNPVAqppb,anonymous,EN,34,4,2,2,3,6,5,5,2,5,6,5,1,5,2,4,1,5,5,5,2,6,2,2,3,2,3,5,2,2,3,1,1,2,1,1,1,1,2,1,2,2,1,2,1,2,2,2,1,1,1,2,1,1,1,1,1,1,1,1,1,1,1,1,1,1,1,1,1,3,1,4,5,6,4,2,4,3,5,1,4,1,4,5,2,2,1,2,4,4,4,2,5,3,4,5,5,2,5,1,4,4,4,1,5,1,5,2,1,1,2,2,4,2,2,1,5,5,2,5,2,4,4,1,1,4,5,2,4,5,2,4,1,2,5
2019-09-13T15:02:08Z,2019-09-13T15:27:36Z,0,100,1528,1,2019-09-13T15:27:37Z,R_2rTTrpsFYesjdpt,anonymous,EN,39,7,5,5,3,1,6,4,2,2,3,3,6,5,7,3,6,5,3,3,2,6,6,2,6,7,5,2,5,5,6,2,2,5,5,2,2,2,5,6,5,5,2,5,3,5,3,1,1,1,1,2,1,3,1,1,1,2,1,1,2,1,1,1,1,1,1,1,7,5,2,5,6,7,7,2,5,2,4,4,2,4,4,3,4,4,2,4,5,3,4,4,3,4,4,4,4,2,4,4,4,2,3,4,4,2,3,4,4,4,3,4,4,4,4,3,2,2,3,4,3,4,4,4,3,2,3,4,4,5,4,4,3,3,4
2019-09-13T15:05:43Z,2019-09-13T15:30:10Z,0,100,1466,1,2019-09-13T15:30:11Z,R_WcDtP01XmzVtUWJ,anonymous,EN,37,6,3,3,2,1,7,4,6,7,5,3,6,2,5,2,5,4,5,3,1,6,3,2,5,5,6,6,1,1,1,2,1,1,1,1,2,2,1,1,1,1,2,3,1,1,3,1,1,1,1,1,1,1,1,1,1,1,1,1,2,1,1,1,2,1,1,1,5,2,3,4,6,6,4,4,5,3,4,4,3,4,4,4,5,4,5,4,4,3,4,4,4,4,3,4,3,2,5,4,2,3,4,4,5,4,4,1,5,3,4,5,3,4,4,4,4,3,4,4,4,2,5,5,4,3,3,4,4,5,4,4,4,4,5
2019-09-13T15:04:46Z,2019-09-13T15:32:35Z,0,100,1668,1,2019-09-13T15:32:36Z,R_1GW9mp35yUraQRV,anonymous,EN,38,5,2,4,1,2,5,3,1,5,5,2,2,4,2,4,5,4,3,5,1,5,2,2,3,4,4,3,2,2,2,2,2,2,2,2,2,2,2,2,2,2,2,2,2,2,2,2,1,1,1,1,1,1,1,1,1,1,1,1,1,1,1,1,1,1,1,1,2,1,1,3,6,2,2,4,4,1,4,2,2,5,3,4,3,3,2,5,3,4,3,4,3,4,3,4,3,2,3,2,3,2,2,3,3,4,2,2,1,4,3,3,4,4,3,2,2,5,4,3,2,3,4,3,2,3,3,4,3,4,3,2,3,2,4
2019-09-13T15:03:21Z,2019-09-13T15:33:35Z,0,100,1814,1,2019-09-13T15:33:36Z,R_3n8EbWOI89Kp8EJ,anonymous,EN,36,6,2,5,1,1,7,1,7,7,7,2,1,2,7,3,1,7,7,5,5,8,6,4,4,6,4,7,1,2,5,4,4,1,1,5,6,6,1,4,1,1,6,5,5,5,6,2,1,1,1,1,1,1,1,1,1,1,1,1,1,1,1,1,1,1,1,1,7,7,4,7,7,7,7,2,1,4,5,5,3,4,3,4,5,5,3,1,2,5,5,5,4,5,4,4,4,1,5,2,3,4,1,5,5,3,3,4,1,5,5,4,2,3,4,3,5,3,4,3,3,5,4,1,1,3,5,4,1,1,4,1,5,1,3
2019-09-16T12:37:14Z,2019-09-16T13:02:14Z,0,100,1500,1,2019-09-16T13:02:15Z,R_2Swrcoo6ZUN4vsC,anonymous,EN,41,3,4,4,7,6,3,5,1,6,5,7,3,7,7,7,3,6,5,7,2,6,5,6,7,6,7,6,3,4,5,1,1,5,3,4,2,1,3,4,2,3,2,3,1,4,2,3,1,1,1,1,1,1,1,1,1,1,1,1,1,1,1,1,1,1,1,1,7,6,5,7,7,5,6,2,5,2,4,4,5,4,5,2,4,5,4,2,4,1,3,3,2,2,4,4,2,4,4,2,4,3,4,5,2,2,4,2,2,5,4,2,5,2,4,2,2,4,5,4,2,5,4,2,5,1,4,5,4,2,5,3,4,2,5
2019-09-16T12:36:36Z,2019-09-16T13:02:57Z,0,100,1581,1,2019-09-16T13:02:58Z,R_3MrkReLeTNU7CT2,anonymous,EN,40,6,2,2,3,1,7,4,6,6,6,4,5,4,4,4,6,5,7,5,5,7,6,6,5,7,7,7,2,2,1,3,2,4,2,1,2,2,2,1,1,1,3,2,1,2,3,1,1,1,1,1,1,1,1,1,1,1,1,1,1,1,1,1,1,1,1,1,5,7,2,7,7,7,7,5,5,3,4,4,3,3,4,2,4,5,2,4,4,3,5,4,2,3,3,4,4,3,3,2,4,3,4,4,3,1,4,3,3,5,2,3,4,2,3,4,2,3,4,3,4,5,3,3,4,2,4,5,3,4,3,3,3,5,2
2019-09-16T12:37:30Z,2019-09-16T13:02:59Z,0,100,1529,1,2019-09-16T13:03:00Z,R_12EBDomDgzvXCqY,anonymous,EN,42,2,6,5,5,5,6,4,4,7,2,1,5,5,7,3,6,5,7,3,4,8,7,7,7,7,7,7,5,6,7,4,5,3,6,5,7,5,7,5,4,3,6,5,4,7,6,5,1,1,1,5,1,2,3,3,4,1,1,5,3,1,3,5,1,1,1,2,7,7,7,7,7,7,7,5,5,1,5,3,2,4,5,1,5,4,3,4,4,4,5,5,1,3,1,1,5,4,4,2,4,2,4,5,2,1,2,5,5,2,2,5,2,2,5,1,1,3,2,4,4,5,3,2,4,2,5,2,4,2,1,2,4,5,5
2019-09-16T12:35:45Z,2019-09-16T13:06:37Z,0,100,1851,1,2019-09-16T13:06:37Z,R_suHAELkwhM1Utup,anonymous,EN,43,4,2,2,1,5,7,5,6,7,6,4,5,4,5,4,7,5,7,5,5,7,5,5,4,5,6,6,2,2,2,2,2,2,1,1,2,2,3,2,2,1,2,2,2,2,3,2,1,1,1,2,2,1,2,1,1,1,3,1,2,2,2,1,2,2,1,1,7,5,5,6,6,6,5,4,5,3,4,4,4,4,5,2,5,4,4,3,5,1,4,2,3,3,4,4,3,2,4,4,5,3,3,4,4,3,4,2,3,4,4,3,4,2,2,2,3,3,5,3,3,4,4,2,5,3,4,4,4,3,3,2,4,2,4
2019-09-16T13:11:59Z,2019-09-16T13:45:48Z,0,100,2028,1,2019-09-16T13:45:50Z,R_Asz9LwgArUMZOjD,anonymous,EN,46,1,6,6,5,7,2,6,2,3,3,4,1,4,1,5,6,5,3,4,6,5,6,2,1,5,3,1,2,2,2,4,4,3,3,2,4,4,3,2,2,2,3,4,3,3,3,3,3,2,2,2,2,3,2,4,2,2,3,3,2,2,1,3,2,1,1,2,6,5,1,2,3,2,4,4,4,2,4,4,3,4,4,2,2,5,4,2,3,2,1,4,3,2,3,1,3,2,4,3,5,3,3,2,2,2,5,2,2,5,2,2,4,4,1,4,3,3,4,2,2,4,4,2,5,4,3,5,3,3,4,4,2,2,4
2019-09-16T12:36:54Z,2019-09-16T13:46:29Z,0,100,4175,1,2019-09-16T13:46:29Z,R_3QXc7KGFYcpTn4r,anonymous,EN,44,5,2,2,1,1,5,3,2,5,4,3,3,2,1,1,1,4,2,4,3,6,4,3,7,3,4,3,2,2,1,2,2,2,2,2,2,2,2,2,2,2,2,2,2,2,2,1,1,1,1,1,1,1,1,1,1,1,1,1,1,1,1,1,1,1,1,1,6,3,2,4,7,3,2,5,4,5,4,3,2,4,5,4,3,4,3,4,4,2,4,4,1,4,4,3,3,5,3,4,4,4,1,3,4,4,3,4,1,5,3,2,4,2,1,4,2,3,5,2,1,4,5,2,4,3,3,2,3,2,4,3,2,3,2
2019-09-16T13:11:25Z,2019-09-16T13:48:14Z,0,100,2208,1,2019-09-16T13:48:15Z,R_ykAFjN1gwLLWpnH,anonymous,EN,45,6,5,3,5,1,6,3,2,2,3,1,2,2,2,2,2,3,5,3,4,5,3,5,5,6,3,3,2,3,1,2,3,2,2,1,3,3,1,1,2,2,3,3,2,2,3,1,2,1,2,2,2,1,1,1,2,1,2,1,2,1,2,2,2,2,2,2,3,3,2,4,4,3,2,4,3,4,2,2,4,5,4,3,2,4,3,4,4,4,2,1,4,5,4,5,2,1,4,2,2,2,4,2,5,2,2,4,2,5,4,2,4,4,1,2,4,5,2,5,2,2,4,2,1,4,3,4,4,5,4,4,2,2,4
2019-09-16T13:55:43Z,2019-09-16T14:30:15Z,0,100,2072,1,2019-09-16T14:30:15Z,R_1F8GO6iziAOvvHB,anonymous,EN,47,6,2,1,2,1,6,5,2,6,6,4,4,5,2,4,5,6,4,5,3,7,4,3,3,2,7,3,1,1,1,1,1,1,1,1,1,1,1,1,1,1,2,2,1,1,1,1,1,1,1,1,1,2,1,1,1,1,1,1,1,2,1,1,1,1,1,1,6,3,3,6,7,7,7,4,5,2,5,4,3,4,5,4,5,5,5,5,5,2,5,5,3,4,4,3,5,5,5,3,5,3,5,4,3,4,4,5,5,5,3,4,5,3,5,5,5,4,5,4,5,5,5,3,5,5,2,5,4,4,5,4,4,4,5
2019-09-16T13:56:55Z,2019-09-16T14:31:05Z,0,100,2049,1,2019-09-16T14:31:06Z,R_2qE0FkRNu6xuW33,anonymous,EN,49,1,5,5,5,7,7,4,6,7,6,5,3,5,7,3,4,6,5,6,4,6,4,4,7,6,7,7,1,1,1,1,1,1,1,1,1,1,1,1,1,1,1,1,1,1,1,1,1,1,1,1,1,1,1,1,1,1,1,1,1,1,1,1,1,1,1,1,1,2,1,2,7,3,4,2,5,2,4,2,2,5,5,5,4,5,1,4,5,2,4,4,2,4,5,5,2,5,5,2,5,2,5,3,3,2,5,3,1,5,2,4,4,2,3,4,3,4,5,3,3,4,5,3,5,2,3,5,3,5,5,5,2,5,4
2019-09-16T13:59:36Z,2019-09-16T14:32:18Z,0,100,1961,1,2019-09-16T14:32:19Z,R_DV9dyCH5UHi2d8d,anonymous,EN,52,1,7,7,7,7,7,4,1,5,3,4,3,3,3,3,3,4,3,3,3,8,5,2,6,5,7,6,2,2,3,2,3,3,2,2,3,3,2,2,2,2,2,3,3,2,3,2,1,1,1,1,1,1,1,1,1,1,1,2,1,1,1,1,2,1,1,1,4,2,2,4,7,5,6,4,5,2,4,3,2,3,4,2,4,4,4,5,3,4,3,4,2,3,2,4,4,3,4,2,4,2,4,4,3,2,4,3,4,4,3,3,3,2,3,4,3,2,4,3,4,4,2,3,3,2,3,5,3,3,4,3,4,4,4
2019-09-16T13:57:32Z,2019-09-16T14:33:13Z,0,100,2141,1,2019-09-16T14:33:14Z,R_10HGxMqIizlT1wT,anonymous,EN,50,6,1,1,1,1,7,3,1,7,2,2,2,2,1,2,4,3,2,3,1,7,2,4,7,5,7,7,1,1,1,1,1,1,1,1,1,1,1,1,1,1,1,1,1,1,1,1,1,1,1,1,1,1,1,1,1,1,1,1,1,1,1,1,1,1,1,1,4,3,1,5,7,5,3,3,2,4,4,1,4,5,3,2,3,1,5,2,2,4,3,4,5,3,4,4,4,1,3,5,2,4,2,4,4,3,4,4,5,1,4,2,3,4,5,2,3,2,4,5,2,3,3,1,1,3,5,1,3,3,3,2,2,2,5
2019-09-16T13:56:21Z,2019-09-16T14:34:58Z,0,100,2317,1,2019-09-16T14:34:59Z,R_3lACbJjmQNoJpk3,anonymous,EN,48,6,2,3,1,1,6,4,5,6,5,3,3,3,5,3,5,4,6,5,4,8,7,5,7,7,7,7,3,4,3,2,2,2,3,2,3,2,5,2,3,2,2,3,2,4,3,2,1,1,1,1,1,1,1,1,1,1,1,1,1,1,1,1,1,1,1,1,6,5,2,6,7,5,7,2,5,3,4,4,4,3,4,3,2,4,2,2,2,2,3,3,3,2,4,4,4,2,3,2,2,2,3,3,3,2,3,4,3,4,3,2,3,4,4,3,2,3,4,4,3,3,2,4,2,3,4,4,2,2,4,3,2,3,2
2019-09-16T14:00:10Z,2019-09-16T14:36:23Z,0,100,2172,1,2019-09-16T14:36:24Z,R_1gijwCah9JXWtgc,anonymous,EN,51,5,5,5,5,3,7,3,4,7,3,3,5,3,3,3,5,3,5,3,3,6,5,6,5,6,6,7,1,1,1,1,1,1,1,1,1,1,1,1,1,1,1,1,3,1,1,1,1,1,1,1,1,1,1,1,1,1,1,1,2,1,3,1,1,1,1,1,3,3,2,5,7,4,3,4,4,4,4,2,5,3,4,4,4,4,5,4,5,1,3,3,4,4,4,4,4,5,4,4,4,4,4,4,4,4,5,3,4,4,4,4,5,4,2,2,4,4,4,4,4,5,5,4,4,3,2,4,4,4,4,4,4,5,5
2019-09-16T14:38:05Z,2019-09-16T15:14:50Z,0,100,2205,1,2019-09-16T15:14:51Z,R_a2HMVGWMG2CunhT,anonymous,EN,53,1,5,4,6,5,7,2,3,1,3,2,5,2,1,1,5,3,5,4,1,1,3,1,3,5,6,1,1,1,1,3,2,1,1,1,2,3,1,1,1,1,1,1,2,1,3,1,1,1,1,1,1,1,1,1,1,1,1,1,1,1,1,1,1,1,1,1,2,4,2,4,4,1,1,2,4,4,4,2,4,2,5,4,5,5,4,1,4,2,5,4,3,4,4,4,4,3,4,4,4,2,4,2,4,1,4,2,4,4,5,4,4,2,5,4,3,3,4,4,5,5,4,1,3,2,5,4,4,4,4,4,4,5,5
2019-09-10T15:15:02Z,2019-09-18T08:35:04Z,0,100,667201,1,2019-09-18T08:35:04Z,R_2qlX5F6VS5blgNJ,anonymous,EN,55,3,4,3,6,7,7,5,4,7,3,1,3,2,2,1,2,4,2,3,2,6,6,3,5,5,6,3,1,3,2,3,3,3,3,1,3,4,2,3,3,3,5,5,4,3,6,2,1,2,2,3,2,1,2,1,3,1,4,2,4,2,2,5,2,4,1,1,5,4,2,6,6,5,4,4,5,4,4,3,2,2,4,2,1,4,2,5,5,4,1,2,3,3,5,5,4,2,4,4,4,4,3,4,2,1,4,1,1,3,4,3,4,5,3,3,4,3,5,4,3,4,4,1,4,4,1,2,2,1,3,4,2,4,4
2019-09-18T07:58:26Z,2019-09-18T08:35:44Z,0,100,2237,1,2019-09-18T08:35:44Z,R_TjRXobeJhEkRc7D,anonymous,EN,54,1,4,5,4,4,7,3,5,7,4,1,7,3,7,1,6,4,5,4,4,8,7,7,6,6,6,7,5,5,5,5,5,5,4,4,5,5,5,4,4,4,5,4,5,5,5,4,1,1,1,1,1,1,1,1,1,1,1,1,1,1,4,1,1,1,1,1,6,5,5,7,7,6,5,4,4,4,5,4,3,3,4,4,4,4,4,4,4,4,5,4,2,4,4,4,5,2,3,1,5,3,4,2,4,4,5,3,5,2,3,3,3,2,3,2,3,2,5,5,5,5,2,4,2,4,5,4,4,3,4,4,5,4,5
2019-09-18T08:02:34Z,2019-09-18T08:37:31Z,0,100,2096,1,2019-09-18T08:37:32Z,R_Dor9Q2q8xiVVPbz,anonymous,EN,58,6,1,2,2,1,7,4,3,6,5,4,4,4,6,3,5,3,6,3,4,6,6,5,4,6,5,3,1,1,1,2,2,1,3,1,2,2,1,1,1,1,2,3,3,1,2,1,1,1,1,2,2,1,1,1,1,1,1,1,1,1,1,1,2,1,2,2,4,2,1,5,1,5,2,2,3,4,4,3,4,2,4,2,4,5,5,3,4,5,5,4,1,4,4,5,5,5,3,1,2,4,4,3,4,1,4,3,2,4,3,2,4,4,4,1,1,3,3,5,4,4,2,2,2,4,1,5,2,2,4,5,3,5,4
2019-09-18T07:59:38Z,2019-09-18T08:40:47Z,0,100,2469,1,2019-09-18T08:40:48Z,R_21FCvHdx3wCWIDA,anonymous,EN,56,1,4,3,7,7,6,3,3,6,3,2,1,2,5,1,1,4,2,4,5,3,3,4,6,7,4,5,1,1,1,1,2,1,1,1,2,1,1,1,1,1,2,3,2,1,2,1,1,1,1,1,1,1,1,1,1,1,1,2,1,2,2,1,2,2,1,1,1,2,5,6,7,5,5,2,2,5,4,3,3,5,4,5,5,3,5,5,5,4,5,2,3,5,4,5,4,4,5,1,5,4,3,4,2,3,5,4,5,2,2,4,5,3,5,4,4,4,4,3,4,2,3,4,4,5,4,2,2,4,2,5,4,4,4
2019-09-18T08:53:38Z,2019-09-18T09:16:42Z,0,100,1383,1,2019-09-18T09:16:43Z,R_3espcrN8ootEV0l,anonymous,EN,60,6,2,2,3,1,1,2,1,1,2,2,1,2,4,1,1,2,2,4,1,7,2,1,5,5,3,5,1,2,3,1,1,1,1,1,1,1,3,1,1,1,1,1,1,1,1,1,1,1,1,1,1,1,1,1,1,1,1,1,1,1,1,1,1,1,1,1,5,1,1,2,6,3,1,4,3,5,4,4,4,4,4,1,5,3,5,5,4,1,4,5,4,5,1,2,3,4,4,4,3,4,1,5,3,4,4,4,4,5,3,4,4,1,3,5,5,4,3,2,4,5,5,5,1,2,4,5,4,5,1,2,4,5,5
2019-09-18T08:53:04Z,2019-09-18T09:19:35Z,0,100,1590,1,2019-09-18T09:19:37Z,R_33eWwoEDYHgqtgf,anonymous,EN,59,3,2,3,3,6,7,4,3,7,5,3,4,4,3,2,4,5,3,4,4,6,3,4,5,6,4,6,4,4,5,4,6,4,4,4,4,4,4,3,5,3,4,4,5,5,3,3,1,1,2,4,2,2,1,1,1,1,4,2,3,3,3,1,2,2,1,3,5,3,2,6,7,6,5,4,4,3,5,5,2,4,4,2,4,5,3,5,3,4,5,5,3,4,3,5,4,2,4,3,4,2,3,4,2,1,4,3,2,5,2,4,4,4,3,4,3,2,4,4,4,4,3,3,2,4,5,5,2,5,3,2,4,4,5
2019-09-18T08:00:51Z,2019-09-18T09:20:28Z,0,100,4776,1,2019-09-18T09:20:28Z,R_1OUIEOtPdUFd1Jq,anonymous,EN,57,5,1,2,2,1,6,5,7,7,6,2,3,2,7,3,7,5,5,4,6,8,7,7,7,6,6,7,3,2,3,2,2,4,2,2,1,2,2,2,2,2,2,2,2,2,2,2,1,1,1,1,1,1,1,1,1,1,1,1,1,1,1,1,1,1,1,1,7,2,4,5,7,5,7,3,4,2,4,4,3,4,5,3,4,4,3,4,4,4,4,4,2,4,4,5,4,3,4,4,4,2,5,4,4,3,4,3,4,3,3,5,4,3,4,3,2,3,4,3,4,4,3,5,3,3,5,3,4,4,3,3,4,4,3
2019-09-18T13:06:32Z,2019-09-18T13:31:17Z,0,100,1485,1,2019-09-18T13:31:18Z,R_301qifZLMQpMoKD,anonymous,EN,63,6,2,2,2,2,5,3,2,5,3,3,3,3,3,3,2,4,3,3,2,7,4,4,5,4,5,6,1,2,2,1,2,1,1,1,2,1,2,2,2,2,1,1,1,2,1,1,1,1,1,1,1,1,1,1,1,1,1,1,1,1,1,1,1,1,1,1,5,2,2,5,7,5,5,2,4,4,4,4,2,3,4,4,3,4,2,5,2,2,3,3,4,4,3,4,4,3,4,3,4,3,4,4,2,2,3,3,2,2,3,4,3,2,2,4,2,4,4,3,4,4,4,4,2,3,4,4,2,3,3,2,3,2,2
2019-09-18T13:08:14Z,2019-09-18T13:33:32Z,0,100,1517,1,2019-09-18T13:33:32Z,R_3CIYlmEDDabLwjm,anonymous,EN,65,6,2,2,1,1,7,4,6,7,5,3,1,4,7,1,3,6,6,5,7,8,7,5,7,7,7,6,1,1,1,2,2,1,1,1,3,2,1,2,1,1,3,3,3,1,3,1,1,1,1,1,1,1,1,1,1,1,2,1,1,1,2,2,3,1,1,2,5,4,4,6,7,7,4,2,4,4,4,5,2,2,5,3,1,4,3,2,4,3,4,4,4,4,2,4,5,4,4,2,4,4,2,2,2,1,3,4,1,4,2,4,4,5,2,2,2,3,2,5,2,3,5,2,4,2,4,4,2,2,4,4,1,1,2
2019-09-18T13:11:47Z,2019-09-18T13:33:42Z,0,100,1315,1,2019-09-18T13:33:43Z,R_3D1JUnz7vr5c0Ld,anonymous,EN,66,1,6,5,6,5,7,6,4,5,6,5,7,6,6,6,7,7,7,6,2,7,5,6,7,6,7,7,1,1,1,1,1,1,1,1,1,1,1,1,1,1,1,1,1,1,1,1,1,1,1,1,1,1,1,1,1,1,1,1,1,1,1,1,1,1,1,1,6,5,7,7,7,7,7,3,4,4,3,4,3,1,4,3,4,5,5,4,4,3,5,3,3,4,3,3,4,4,5,2,2,4,3,3,3,3,4,3,4,4,4,4,4,4,4,2,3,3,2,2,3,4,3,4,3,3,3,4,4,3,3,4,3,3,5
2019-09-18T13:03:15Z,2019-09-18T13:33:45Z,0,100,1829,1,2019-09-18T13:33:46Z,R_3iVWgp7ShTDPpP7,anonymous,EN,61,1,6,6,7,7,7,6,2,7,6,3,2,5,3,3,5,6,4,6,2,7,5,3,5,5,6,7,1,1,1,5,5,1,1,1,5,4,2,1,1,2,5,5,4,1,5,1,1,1,1,1,1,1,2,1,1,1,1,1,2,1,1,1,2,1,1,1,3,2,1,6,7,6,2,5,3,4,3,2,3,4,5,5,1,5,4,5,4,5,3,4,3,4,4,5,2,4,5,5,4,3,2,2,4,2,4,4,1,5,3,4,3,4,2,4,4,4,3,4,2,5,4,3,4,4,2,3,4,4,3,5,1,4,4
2019-09-18T13:04:34Z,2019-09-18T13:36:22Z,0,100,1907,1,2019-09-18T13:36:22Z,R_1NksGycvj2Dr39q,anonymous,EN,62,7,2,4,1,1,4,2,7,2,2,2,5,3,6,2,5,2,4,2,2,8,5,5,7,4,7,4,3,5,5,3,1,4,6,2,3,3,5,6,4,5,2,1,1,2,2,5,1,1,5,6,5,1,1,1,1,1,1,5,1,1,2,3,5,6,2,3,5,4,1,3,3,2,7,2,3,4,2,4,3,1,5,5,2,5,4,4,3,2,4,4,3,1,4,3,2,3,4,1,2,4,2,4,4,1,4,4,1,5,4,2,5,5,2,2,2,2,2,3,1,2,4,4,5,4,1,4,4,1,4,4,3,2,5
2019-09-18T13:47:21Z,2019-09-18T14:10:21Z,0,100,1380,1,2019-09-18T14:10:22Z,R_3Hz5YnYAu1vsbqd,anonymous,EN,69,6,5,5,5,1,6,5,3,6,6,4,2,4,1,4,2,5,2,4,2,6,5,5,4,4,3,6,1,1,1,1,1,1,1,1,1,1,1,1,1,1,1,1,1,1,1,1,1,1,1,1,1,1,1,1,1,1,1,1,1,1,1,1,1,1,1,1,5,4,1,6,5,7,2,5,3,1,1,2,3,5,5,4,5,5,1,5,5,2,2,4,2,5,3,4,1,1,2,2,1,1,2,1,5,4,3,4,4,5,2,4,4,2,2,4,4,5,2,4,1,5,4,4,3,4,1,2,5,5,2,2,4,5,2
2019-09-18T13:47:05Z,2019-09-18T14:13:00Z,0,100,1555,1,2019-09-18T14:13:01Z,R_0dldVXxBqkT64LL,anonymous,EN,68,6,2,2,2,1,7,7,1,4,7,5,3,6,2,6,5,7,7,6,2,8,5,1,5,7,2,6,1,1,1,1,1,1,1,1,1,1,1,1,1,1,1,1,1,1,1,1,1,1,1,1,1,1,1,1,1,1,1,1,1,1,1,1,1,1,1,1,2,1,1,3,7,5,2,1,5,3,4,4,5,1,5,3,4,5,5,1,5,2,4,3,3,4,3,4,3,4,4,1,5,4,4,3,5,1,3,4,3,5,3,2,4,3,1,3,2,3,4,4,2,5,3,1,4,1,2,4,4,1,3,2,3,4,5
2019-09-18T13:07:26Z,2019-09-18T14:13:12Z,0,100,3946,1,2019-09-18T14:13:12Z,R_3xfOLm4H9ma28zT,anonymous,EN,70,2,2,3,4,4,3,3,2,5,5,3,1,3,3,2,7,5,3,4,1,7,3,4,7,7,6,6,4,4,4,5,5,4,4,4,5,4,4,4,4,4,4,6,4,4,4,4,1,1,1,1,1,1,1,1,1,1,1,1,1,1,1,1,1,1,1,1,3,3,1,5,7,5,6,1,4,2,3,3,4,3,5,2,2,4,2,3,5,2,4,4,1,3,2,2,3,1,5,1,4,2,5,3,2,1,5,2,2,5,2,3,4,3,3,3,1,3,4,1,2,4,1,2,4,4,2,3,4,3,3,2,3,3,2
2019-09-18T13:46:21Z,2019-09-18T14:13:34Z,0,100,1632,1,2019-09-18T14:13:34Z,R_wLQq3XpUIerRITn,anonymous,EN,67,6,1,1,1,1,5,3,5,7,6,2,7,2,6,1,7,2,6,2,2,8,6,3,6,4,5,6,1,1,1,1,1,1,1,1,1,1,1,1,1,1,1,1,1,1,1,1,1,1,1,1,1,1,1,1,1,1,1,1,1,1,1,1,1,1,1,1,1,1,1,1,3,1,1,2,5,3,4,3,4,2,5,1,4,4,4,2,5,2,3,4,3,3,5,4,3,4,3,4,5,3,3,3,4,4,5,3,1,5,2,3,5,3,2,4,3,2,5,3,2,3,4,2,5,2,2,5,4,4,5,4,2,4,4
2019-09-18T14:17:03Z,2019-09-18T14:40:43Z,0,100,1420,1,2019-09-18T14:40:44Z,R_e8xFFJPtNWWfYjL,anonymous,EN,71,6,3,4,4,2,7,5,1,1,7,5,1,4,1,1,2,5,3,5,1,6,1,3,6,7,4,1,1,1,1,1,1,1,1,1,2,1,1,1,1,1,1,1,1,1,2,1,1,1,1,1,1,1,1,1,1,1,1,1,1,1,1,1,1,1,1,1,1,2,1,3,3,3,1,5,5,1,2,4,5,3,5,4,4,5,2,5,5,2,3,4,4,5,4,5,4,5,4,5,5,2,2,2,4,3,4,4,3,5,3,5,5,1,2,4,4,4,5,5,4,5,4,5,4,4,2,4,4,5,3,2,2,5,4
2019-09-19T08:09:19Z,2019-09-19T08:31:05Z,0,100,1305,1,2019-09-19T08:31:07Z,R_2fJAoaSrSV6hhkg,anonymous,EN,72,6,2,2,2,2,5,4,5,5,5,3,5,3,2,3,6,4,3,4,3,6,5,6,6,5,7,4,2,2,3,2,2,3,3,2,2,3,3,3,3,3,2,3,2,3,3,2,2,2,3,3,3,2,3,3,2,2,3,3,2,3,3,2,3,3,2,3,5,3,2,4,5,3,6,5,5,2,4,2,4,5,5,4,4,5,4,4,5,3,4,2,2,3,5,5,4,2,4,4,4,3,4,4,4,2,5,3,1,4,3,5,4,4,2,4,5,3,4,5,4,3,3,4,4,3,3,4,4,4,4,4,3,2,4
2019-09-19T08:09:52Z,2019-09-19T08:31:31Z,0,100,1299,1,2019-09-19T08:31:32Z,R_5Arg18s00JyZ0w9,anonymous,EN,73,6,1,1,1,1,6,4,2,7,5,2,2,3,4,3,4,5,6,4,2,8,5,5,6,4,5,7,4,5,4,4,4,5,5,3,6,4,6,5,4,4,5,6,4,4,6,4,2,1,4,2,2,3,1,2,1,1,3,2,2,1,3,2,2,2,2,2,2,3,2,3,7,5,7,5,4,2,4,4,3,5,4,5,3,5,4,4,4,3,5,4,2,4,4,2,4,4,4,5,4,4,4,4,3,4,4,4,5,4,4,4,4,4,5,5,2,4,4,4,4,5,3,4,3,4,3,4,4,4,4,4,4,5,5
2019-09-19T08:11:58Z,2019-09-19T08:32:40Z,0,100,1241,1,2019-09-19T08:32:41Z,R_AgNJjL80GOfXD5T,anonymous,EN,77,2,5,5,6,6,6,5,3,7,5,5,4,4,5,5,3,5,6,5,3,7,5,5,6,4,5,6,3,4,3,4,3,3,5,3,5,5,5,5,3,3,4,6,4,5,5,3,2,2,4,1,2,1,2,1,1,2,4,2,3,2,3,3,2,2,1,2,7,6,4,7,7,7,7,2,4,2,2,2,3,2,4,4,2,5,3,2,2,2,2,5,1,4,4,2,3,4,3,1,5,2,2,4,2,4,5,5,3,5,4,3,4,3,4,4,1,4,3,4,1,4,2,2,4,4,2,4,2,5,5,2,2,2,4
2019-09-19T08:11:24Z,2019-09-19T08:33:06Z,0,100,1301,1,2019-09-19T08:33:06Z,R_3PyLnB5pCThl2X2,anonymous,EN,76,7,1,1,1,1,5,4,1,7,2,3,4,5,3,3,5,6,3,4,1,8,5,5,6,4,5,3,1,1,1,1,2,1,1,1,2,1,1,1,1,1,1,2,2,2,2,1,1,1,1,1,1,1,1,1,1,1,1,1,1,1,1,1,1,1,1,1,7,3,4,7,6,6,5,4,5,2,5,4,4,2,4,3,3,5,5,4,5,2,5,5,4,4,4,4,5,5,5,5,5,2,2,5,5,1,3,3,4,5,5,3,4,5,2,5,2,3,4,4,4,5,4,4,5,4,4,5,5,4,5,4,3,5,5
2019-09-19T08:10:16Z,2019-09-19T08:33:57Z,0,100,1421,1,2019-09-19T08:33:58Z,R_27DqG0BdPa9dP8p,anonymous,EN,74,2,2,2,1,2,6,4,3,6,3,3,4,3,4,3,3,4,5,4,3,7,7,6,4,5,7,7,3,4,4,4,4,2,3,2,4,5,5,3,6,4,4,5,4,3,5,3,2,1,2,2,3,1,1,3,3,1,5,5,3,5,7,6,6,5,4,4,5,7,5,6,7,6,2,4,4,5,4,2,2,4,5,2,4,4,3,4,4,2,4,4,2,4,2,4,4,2,4,4,4,4,4,2,2,2,4,3,4,2,2,4,4,4,4,1,2,4,2,4,3,5,3,3,4,4,3,3,2,4,4,2,3,1,4
2019-09-19T08:10:50Z,2019-09-19T08:36:11Z,0,100,1520,1,2019-09-19T08:36:11Z,R_2S17Y5FcyV9Kk2c,anonymous,EN,75,3,3,4,6,7,6,4,2,7,4,1,2,4,2,2,4,6,7,5,1,7,4,3,6,7,6,7,2,4,2,5,4,2,3,2,5,5,2,2,2,4,5,6,5,3,6,3,1,4,1,1,1,1,1,4,1,1,4,5,4,4,4,1,1,1,1,1,1,5,1,7,7,4,4,3,4,3,2,2,4,4,5,4,1,5,1,5,5,3,4,4,3,4,3,3,2,4,4,4,5,2,1,1,4,2,5,5,5,5,3,5,5,2,4,4,3,3,4,3,3,5,5,5,3,3,1,1,5,5,3,4,2,5,2
2019-09-19T08:42:10Z,2019-09-19T09:22:29Z,0,100,2419,1,2019-09-19T09:22:30Z,R_27x8d7weJitAqtF,anonymous,EN,79,1,5,6,7,7,7,2,2,6,2,2,2,2,2,2,2,2,2,2,1,7,4,5,7,6,6,4,1,2,1,1,1,1,1,1,1,1,1,1,1,2,1,2,1,1,1,1,1,1,1,1,1,1,1,1,1,1,1,1,1,1,1,1,1,1,1,1,3,2,1,6,6,5,5,2,5,3,4,4,3,2,4,4,4,4,2,2,4,4,4,4,3,3,3,4,3,4,4,3,4,3,4,4,2,2,4,3,3,2,3,2,4,4,4,4,2,3,4,4,3,5,3,2,4,2,4,4,3,3,3,2,3,4,2
2019-09-19T08:41:47Z,2019-09-19T09:24:12Z,0,100,2544,1,2019-09-19T09:24:13Z,R_2aKceF3bYof5XzS,anonymous,EN,78,1,6,6,6,5,7,3,1,7,5,3,1,3,3,2,6,5,1,3,3,8,1,5,7,6,7,2,1,1,1,1,1,1,1,1,1,1,1,1,1,1,1,1,1,1,1,1,1,1,1,1,1,1,1,1,1,1,1,1,1,1,1,1,1,1,1,1,6,1,1,6,5,5,3,4,4,5,5,4,4,4,4,5,2,4,1,4,2,2,4,5,4,2,1,5,5,5,4,1,2,4,4,4,2,1,5,5,3,1,3,4,4,4,4,2,2,5,1,5,4,5,5,2,1,5,5,4,2,2,2,2,2,5,5
2019-09-19T08:42:34Z,2019-09-19T09:24:16Z,0,100,2502,1,2019-09-19T09:24:17Z,R_XTa7q5uqlXpCnAd,anonymous,EN,80,3,2,2,5,7,5,3,2,5,2,2,2,3,1,2,2,3,3,3,4,7,3,5,3,3,5,2,2,3,4,1,1,1,2,3,2,1,2,2,1,1,1,1,1,2,1,2,1,1,1,1,1,1,1,1,1,1,1,1,1,1,1,1,1,1,1,1,2,3,1,6,5,5,3,5,4,4,4,2,2,5,4,2,4,4,2,5,4,4,2,4,2,2,5,5,4,1,4,2,5,3,4,1,4,4,4,4,2,4,3,4,2,2,4,2,4,2,5,4,4,4,4,4,4,2,5,2,5,4,4,2,1,1,5
2019-09-19T14:43:43Z,2019-09-19T15:01:50Z,0,100,1086,1,2019-09-19T15:01:51Z,R_2qEmqmV1APvXRiO,anonymous,EN,82,5,2,2,4,1,4,5,1,5,6,5,1,5,1,5,1,6,2,6,1,7,3,5,3,6,2,6,2,2,2,1,1,1,1,1,1,1,1,2,1,1,1,1,1,1,1,1,1,1,1,1,1,1,1,1,1,1,1,1,1,1,1,1,1,1,1,1,1,1,1,5,6,3,3,1,5,5,5,1,4,1,4,2,4,5,1,1,4,1,5,3,3,3,2,2,4,1,1,1,5,4,4,1,4,4,2,4,2,5,1,1,4,2,3,3,4,2,5,3,4,4,2,1,4,2,4,5,2,1,5,2,4,5,5
2019-09-19T14:43:14Z,2019-09-19T15:06:48Z,0,100,1413,1,2019-09-19T15:06:49Z,R_273dtMxKUhQ0JSt,anonymous,EN,81,7,2,1,1,1,7,4,6,7,4,3,5,3,7,2,1,3,7,3,4,8,6,5,4,6,7,3,1,1,1,2,2,1,1,1,3,2,1,1,1,1,2,3,2,1,3,1,1,1,1,1,1,1,1,1,1,1,1,1,1,1,1,1,1,1,1,1,3,4,4,2,7,6,5,4,4,3,4,3,2,4,5,4,4,5,4,4,5,3,3,5,2,3,4,4,3,5,4,4,4,2,5,5,4,4,5,3,2,5,2,3,5,2,2,5,4,3,5,3,3,5,2,4,4,3,3,3,4,2,4,4,2,5,5
2019-09-19T14:44:11Z,2019-09-19T15:09:24Z,0,100,1513,1,2019-09-19T15:09:25Z,R_9LvYLimJDSYCMmZ,anonymous,EN,83,6,2,1,1,1,5,3,5,6,4,4,5,4,3,3,7,4,1,3,4,6,4,4,5,5,4,7,4,5,4,3,3,4,5,4,3,3,5,5,4,4,4,3,3,4,3,4,1,1,1,1,1,1,1,1,1,1,1,1,1,1,1,1,1,1,1,1,5,3,1,5,7,5,1,2,3,4,4,2,3,4,3,4,4,4,4,2,4,4,5,4,3,3,4,4,4,3,3,4,2,3,4,3,3,4,2,4,3,2,3,2,4,2,4,4,4,3,4,4,3,4,4,1,2,3,5,4,4,3,4,2,3,3,4
2019-09-20T10:55:39Z,2019-09-20T11:28:01Z,0,100,1942,1,2019-09-20T11:28:02Z,R_1iaEAXO2kYRTGgz,anonymous,EN,88,6,1,1,2,1,7,3,3,7,4,5,2,2,7,2,2,4,3,6,2,7,4,4,6,6,5,2,1,2,2,1,1,1,2,1,1,1,2,2,2,2,1,1,1,1,1,1,1,1,1,1,1,1,1,1,1,1,1,1,1,1,1,1,1,1,1,1,5,1,2,4,5,6,4,4,4,4,4,5,4,2,5,2,4,4,1,2,3,3,4,2,3,2,4,4,4,4,4,4,4,4,2,3,2,2,3,4,4,4,3,3,4,2,3,2,3,3,3,4,4,4,4,2,4,2,2,2,4,2,3,4,4,4,4
2019-09-20T10:56:47Z,2019-09-20T11:28:37Z,0,100,1910,1,2019-09-20T11:28:37Z,R_2ahXVNa1a23TNi9,anonymous,EN,86,2,4,5,7,7,7,4,2,4,3,3,2,2,2,2,4,5,5,2,2,7,7,4,3,5,7,6,2,3,2,5,5,2,2,3,6,6,2,3,2,2,7,6,5,2,6,2,1,1,4,2,1,3,1,3,1,1,4,4,2,1,1,1,2,2,2,1,2,4,2,6,3,3,7,3,2,1,4,4,1,4,4,2,4,4,1,4,3,1,4,4,2,4,2,1,4,4,2,3,3,1,4,4,1,3,3,2,2,4,3,4,2,3,4,4,2,3,2,2,4,4,2,4,3,3,4,5,1,5,3,2,4,4,4
2019-09-20T10:56:02Z,2019-09-20T11:29:46Z,0,100,2024,1,2019-09-20T11:29:47Z,R_OOl5hqPzBs9j58B,anonymous,EN,85,1,5,6,6,6,6,5,3,7,5,3,3,3,5,3,2,5,5,4,3,8,5,5,6,6,6,7,2,2,2,1,1,2,2,2,2,2,2,2,2,2,2,2,1,2,2,2,1,1,1,1,1,1,1,1,1,1,1,2,1,1,1,1,1,1,1,1,4,2,2,5,6,5,4,5,3,4,4,3,2,4,4,4,2,4,3,5,5,2,3,4,4,4,4,4,4,4,4,3,3,3,4,3,4,3,4,4,2,2,2,4,3,3,3,4,3,4,4,4,3,4,4,4,4,3,5,4,3,3,3,4,2,4,5
2019-09-20T10:59:52Z,2019-09-20T11:29:49Z,0,100,1796,1,2019-09-20T11:29:50Z,R_3PHa0ow931Ju5Lj,anonymous,EN,87,1,5,5,5,7,1,2,1,3,2,1,1,1,1,1,2,3,2,2,2,4,5,4,6,6,4,2,2,2,2,2,2,2,2,2,2,2,2,2,2,2,2,2,2,2,2,2,2,2,2,2,1,2,2,2,1,1,2,2,2,2,2,1,2,2,1,1,6,3,4,6,4,2,3,2,4,5,3,2,3,2,4,3,2,2,2,4,4,3,5,2,3,4,2,5,4,5,4,1,4,5,3,2,4,1,3,3,3,3,3,3,4,4,4,4,4,3,4,4,3,4,2,4,4,4,4,2,2,3,3,3,4,3,2
2019-09-20T10:54:54Z,2019-09-20T11:32:54Z,0,100,2279,1,2019-09-20T11:32:54Z,R_3lraxonEo1yjeXI,anonymous,EN,84,6,6,6,6,2,6,2,6,7,2,1,3,3,5,3,7,4,5,5,6,7,4,2,3,4,4,7,1,1,1,1,1,2,1,1,1,1,2,2,1,1,1,1,1,2,1,1,1,1,1,1,1,1,1,1,1,1,1,1,1,1,1,1,1,1,1,1,2,1,2,3,7,2,2,5,5,3,5,4,4,3,4,4,4,4,2,5,5,4,4,5,2,4,5,5,3,2,3,4,5,2,4,3,3,3,4,4,4,4,4,4,4,3,4,2,3,3,5,4,4,5,4,5,4,2,5,5,4,4,4,3,3,4,4
2019-09-20T10:59:08Z,2019-09-20T11:34:16Z,0,100,2108,1,2019-09-20T11:34:17Z,R_CgHowovV4qz93d7,anonymous,EN,89,6,1,1,1,1,7,4,3,7,4,2,5,2,4,2,6,4,5,4,4,6,5,5,5,6,5,2,2,2,1,1,1,2,2,1,1,1,2,1,2,2,1,1,1,2,1,2,1,1,1,1,1,1,1,1,1,1,1,1,1,1,1,1,1,1,1,1,2,2,2,5,6,1,2,1,4,3,4,4,3,3,4,3,3,4,2,3,4,3,4,4,2,3,3,4,4,3,4,2,4,3,4,2,4,1,2,3,4,2,3,2,4,4,5,4,3,3,4,3,4,3,4,1,4,3,5,3,4,3,4,3,4,4,2
2019-09-20T11:41:05Z,2019-09-20T12:19:38Z,0,100,2312,1,2019-09-20T12:19:39Z,R_1OHtPH4qFVmecHW,anonymous,EN,92,7,1,1,1,1,5,2,1,3,4,1,5,1,2,1,7,4,3,4,6,8,3,5,5,4,6,4,1,1,1,1,1,1,1,1,1,1,1,1,1,1,1,1,1,1,1,1,1,1,1,1,1,1,1,1,1,1,1,1,1,1,1,1,1,1,1,1,4,1,1,4,3,7,7,4,5,5,5,1,3,4,5,2,2,5,5,2,4,4,3,2,3,4,4,5,4,5,5,3,5,4,3,4,4,2,4,3,2,1,4,2,5,2,4,1,3,3,5,5,4,2,5,1,2,4,5,1,4,1,5,5,2,2,5
2019-09-20T11:40:31Z,2019-09-20T12:20:56Z,0,100,2425,1,2019-09-20T12:20:58Z,R_3jfBOxRnjuka1k4,anonymous,EN,91,5,2,2,2,2,6,4,2,3,4,3,3,3,2,3,3,4,5,4,3,7,5,5,7,6,5,7,4,5,5,2,3,4,4,3,4,4,4,3,3,4,4,3,2,3,4,4,2,1,3,3,3,4,2,2,3,4,3,3,3,3,2,3,4,2,3,2,5,4,3,6,7,5,3,2,4,2,2,2,3,4,4,2,1,5,1,2,4,2,2,2,3,3,3,4,4,4,2,4,3,2,2,4,2,2,2,2,2,4,2,3,4,4,3,2,2,3,3,4,2,4,2,2,5,3,2,4,2,2,3,3,2,3,2
2019-09-20T11:40:00Z,2019-09-20T12:21:04Z,0,100,2464,1,2019-09-20T12:21:05Z,R_1GwgTF1fwnSNF2H,anonymous,EN,90,6,1,1,2,1,5,4,5,2,5,2,5,3,2,3,6,4,6,4,4,7,4,3,5,5,6,7,1,1,2,1,2,1,1,1,1,1,1,1,2,1,1,1,1,2,2,1,1,1,1,1,1,1,1,1,1,1,1,1,1,1,1,1,1,1,1,1,5,2,3,5,7,5,5,4,4,2,4,4,4,2,4,2,3,5,4,4,4,2,4,3,3,4,4,4,4,5,4,2,4,3,3,3,3,2,4,3,2,4,2,3,4,4,3,3,4,3,4,4,3,4,3,2,4,2,4,4,4,4,4,4,2,4,5
2019-09-20T11:37:02Z,2019-09-20T12:22:09Z,0,100,2707,1,2019-09-20T12:22:10Z,R_xGH3SqCgS0AalHP,anonymous,EN,93,1,3,3,3,3,6,6,1,6,6,6,3,4,4,4,3,5,4,4,7,6,5,5,5,5,7,6,3,2,2,2,2,2,2,2,2,2,2,2,2,2,3,3,2,3,3,2,1,1,1,1,1,1,1,1,1,1,2,1,1,1,2,1,2,2,1,1,6,5,3,6,7,6,5,5,3,2,4,4,3,5,5,2,4,5,5,5,4,4,4,3,2,4,4,2,3,4,2,4,2,2,4,4,3,4,4,5,4,4,5,3,4,2,4,4,4,4,3,2,5,5,3,4,2,2,4,5,4,5,4,2,4,5,5
2019-09-20T12:25:39Z,2019-09-20T13:06:52Z,0,100,2473,1,2019-09-20T13:06:53Z,R_1r6ML9vWxGdOQUa,anonymous,EN,95,1,5,7,7,7,5,2,1,3,1,1,1,1,1,1,4,2,1,2,4,8,4,4,6,5,6,5,2,2,2,1,1,2,1,2,1,1,1,1,1,1,1,1,1,1,1,1,1,1,1,1,1,1,1,1,1,1,1,1,1,1,1,1,1,1,1,1,5,1,1,6,7,6,6,4,4,4,5,2,4,4,5,5,3,1,4,4,3,5,4,2,2,4,3,4,5,2,5,4,2,3,3,5,2,2,2,4,2,2,3,2,4,4,3,2,4,4,4,4,4,4,3,2,1,4,5,4,3,5,1,4,2,4,3
2019-09-20T12:26:07Z,2019-09-20T13:00:20Z,0,100,2053,1,2019-09-20T13:15:24Z,R_2RQDI4X18vR9JFL,anonymous,EN,96,6,4,4,4,3,7,5,5,7,2,3,4,4,5,3,6,4,6,3,3,7,4,5,5,5,6,7,4,6,3,6,6,3,4,5,6,6,6,5,5,6,6,6,5,4,6,5,3,3,4,3,5,3,4,4,4,2,6,6,5,5,6,4,6,5,5,5,6,6,4,6,6,6,7,2,4,2,4,4,4,4,4,2,3,5,4,5,4,2,4,4,2,3,4,3,3,3,3,4,2,2,2,4,2,2,4,4,4,4,4,5,4,3,4,2,2,4,2,5,1,4,4,5,4,4,2,3,3,4,3,2,4,2,4
2019-09-20T12:26:28Z,2019-09-20T13:01:29Z,0,100,2100,1,2019-09-20T13:16:56Z,R_3KuRwbwIjmaxEcU,anonymous,EN,97,4,3,5,3,5,7,2,5,7,7,3,3,4,6,4,5,5,7,6,3,5,3,5,6,4,4,7,2,3,4,1,1,1,1,2,1,1,2,2,3,3,2,1,1,3,2,2,1,1,1,1,1,1,1,1,1,1,2,1,1,1,1,1,2,1,1,1,4,1,2,5,7,7,6,4,4,2,4,4,3,4,5,1,2,4,1,2,2,4,1,4,1,4,3,4,4,4,3,4,4,2,2,4,3,2,2,4,2,4,2,2,2,2,2,2,2,3,4,5,2,2,2,2,2,2,4,4,2,2,2,2,4,4,3
2019-09-20T12:24:52Z,2019-09-20T13:02:10Z,0,100,2237,1,2019-09-20T13:17:12Z,R_XozYaiCBMy2nBpn,anonymous,EN,94,7,2,6,1,1,7,3,3,7,2,2,5,2,1,2,7,3,7,6,4,7,3,5,6,6,6,7,1,5,5,5,5,5,3,2,6,5,6,3,5,2,5,7,6,4,7,3,1,1,1,1,1,1,1,1,1,1,1,2,2,1,3,1,2,1,1,2,6,6,2,7,7,5,6,2,5,4,4,5,5,4,5,4,3,4,2,4,4,4,4,4,3,5,4,5,4,2,3,4,5,4,2,5,4,1,4,5,2,3,4,3,5,4,2,1,3,5,5,4,4,5,4,3,4,4,4,4,5,4,4,5,3,1,5
2019-09-23T12:42:13Z,2019-09-23T13:02:28Z,0,100,1215,1,2019-09-23T13:02:29Z,R_z89iz52TidIqQ5b,anonymous,EN,101,6,2,2,3,2,5,4,3,6,3,3,2,3,4,3,2,4,2,4,5,6,5,3,4,4,7,7,1,2,2,1,2,2,2,2,2,2,1,2,3,1,2,3,2,2,3,2,1,1,1,1,1,1,1,1,1,1,2,1,1,1,1,1,3,1,1,1,1,4,1,2,5,3,2,3,4,4,4,3,4,4,4,3,3,4,3,4,4,3,4,3,4,4,3,4,4,4,3,2,4,4,4,2,4,2,4,4,2,3,3,4,3,4,3,3,3,3,3,4,3,4,4,4,2,2,4,4,4,2,2,3,3,4,4
2019-09-23T12:42:50Z,2019-09-23T13:02:55Z,0,100,1204,1,2019-09-23T13:02:56Z,R_ukqawoyDhrbw2OJ,anonymous,EN,102,6,4,3,1,1,7,2,6,7,3,2,6,2,5,2,7,4,5,3,1,7,3,4,6,5,6,1,1,1,1,1,1,1,1,1,1,1,1,1,1,1,1,1,1,1,1,1,1,1,1,1,1,1,1,1,1,1,1,1,1,1,1,1,1,1,1,1,2,1,3,5,3,4,6,4,4,5,5,4,4,3,5,2,5,4,5,5,5,1,3,1,4,3,5,5,5,4,4,5,4,5,4,2,4,4,5,4,4,5,5,5,5,2,2,1,3,4,5,5,4,4,4,4,5,4,5,2,5,4,4,5,5,4,5
2019-09-23T12:40:42Z,2019-09-23T13:04:11Z,0,100,1409,1,2019-09-23T13:04:12Z,R_06UUWNLMb84KLgR,anonymous,EN,98,6,2,2,1,1,7,4,1,6,7,5,2,5,5,4,2,6,3,5,2,8,6,6,7,7,7,6,5,5,5,5,3,6,5,2,5,5,5,5,5,5,4,5,5,5,5,3,1,1,1,1,1,1,1,1,1,1,2,1,2,2,2,1,2,1,1,1,7,2,5,6,7,7,7,2,4,3,4,5,2,5,4,4,1,5,4,1,4,4,4,5,2,4,4,4,2,2,2,1,4,4,1,4,4,4,4,4,1,5,4,3,4,4,2,4,4,4,2,5,4,2,4,2,3,2,4,2,2,4,4,2,4,2,5
2019-09-23T12:41:42Z,2019-09-23T13:04:30Z,0,100,1367,1,2019-09-23T13:04:30Z,R_2arasKWZ07ZwwJD,anonymous,EN,100,2,5,7,7,7,7,7,6,7,3,2,2,5,4,2,3,5,6,6,3,7,6,4,3,6,6,7,3,4,2,1,2,3,2,2,2,2,3,3,3,2,2,2,2,3,3,2,1,1,1,1,1,1,1,1,1,1,2,1,1,1,1,1,1,1,1,1,7,4,1,4,7,7,3,2,5,4,5,4,2,4,5,4,3,3,4,5,4,3,3,5,2,4,4,5,4,2,4,2,5,4,3,2,3,2,4,4,2,4,2,4,5,4,4,4,1,3,4,5,4,3,2,4,5,5,4,5,5,4,5,2,2,3,4
2019-09-23T12:41:11Z,2019-09-23T13:04:41Z,0,100,1410,1,2019-09-23T13:04:42Z,R_1nOPJ4AV6zgQZPH,anonymous,EN,99,6,2,2,1,1,6,4,7,3,3,1,1,1,1,1,5,3,6,3,1,8,4,4,7,6,7,7,2,2,1,2,3,2,2,1,4,3,2,1,2,2,3,3,2,2,3,1,1,1,1,1,1,1,1,1,1,1,2,1,2,1,2,2,1,1,1,1,2,3,1,4,7,2,7,1,4,2,4,4,4,1,4,4,4,4,2,1,4,2,4,2,2,3,4,5,4,5,5,4,4,5,4,5,2,1,4,5,2,3,4,1,3,4,3,2,2,3,4,4,3,5,4,2,4,4,4,4,2,1,4,4,2,5,2
2019-09-23T13:21:57Z,2019-09-23T13:45:52Z,0,100,1434,1,2019-09-23T13:45:53Z,R_4OS2h2mpbZtXcvn,anonymous,EN,103,3,2,2,2,3,3,1,2,2,2,1,5,1,4,1,3,7,2,3,4,6,2,2,1,2,1,1,1,2,2,1,2,1,2,1,1,2,1,2,1,1,2,2,1,1,1,1,1,1,1,1,1,1,1,1,1,1,2,2,1,1,1,1,1,1,1,1,1,1,1,1,1,1,2,5,2,4,5,1,2,4,5,3,4,3,2,4,4,2,4,2,4,4,3,4,4,1,4,4,3,3,4,1,4,3,5,4,4,2,3,5,4,4,4,1,3,3,4,3,4,2,4,2,1,2,3,1,2,5,4,3,4,2,2
2019-09-23T13:23:46Z,2019-09-23T13:47:19Z,0,100,1413,1,2019-09-23T13:47:19Z,R_1gtM4YaQ1vqbmSP,anonymous,EN,106,1,7,7,7,7,7,5,7,6,6,4,6,5,3,4,6,6,4,4,4,8,4,6,6,6,7,6,4,4,3,2,2,5,3,4,3,3,3,4,3,3,2,3,2,3,3,2,1,1,1,1,1,1,1,1,1,1,1,1,1,1,1,1,1,1,1,1,3,4,4,5,4,5,3,3,5,2,4,4,2,3,3,2,5,4,4,3,4,2,4,4,3,4,3,3,3,3,4,4,5,3,2,3,3,2,3,3,2,4,3,3,4,3,1,4,3,4,4,2,2,4,3,3,4,3,3,2,2,4,4,2,4,4,4
2019-09-23T13:22:36Z,2019-09-23T13:49:30Z,0,100,1614,1,2019-09-23T13:49:31Z,R_3fy3Moyd9w7USN8,anonymous,EN,104,6,2,2,2,2,4,1,1,2,4,1,1,1,1,1,1,1,1,1,1,3,1,2,6,6,4,4,1,1,1,1,1,1,1,1,1,1,1,1,1,1,1,1,1,1,1,1,1,1,1,1,1,1,1,1,1,1,1,1,1,1,1,1,1,1,1,1,3,2,1,3,3,2,4,3,4,2,5,3,3,4,4,3,5,2,2,4,3,2,4,4,2,3,3,4,4,4,3,4,2,4,2,3,3,1,2,4,4,1,4,4,4,4,5,2,3,3,2,4,2,4,4,3,2,3,4,3,4,3,2,3,4,2,4
2019-09-23T13:23:09Z,2019-09-23T13:51:05Z,0,100,1676,1,2019-09-23T13:51:06Z,R_2TTySoo5LsO228A,anonymous,EN,105,6,1,1,1,1,4,3,1,1,4,3,2,2,1,2,5,3,3,3,1,4,4,1,5,6,1,3,2,2,2,1,1,1,2,2,1,1,2,2,2,2,1,3,1,1,1,2,1,1,1,1,1,1,1,1,1,1,1,1,1,1,1,1,1,1,1,1,2,1,1,3,4,1,1,4,5,4,4,2,5,4,5,4,2,4,5,2,4,3,5,2,2,2,4,5,4,5,3,4,5,3,4,2,5,2,4,4,2,2,5,3,5,5,2,2,3,4,5,5,4,5,1,2,5,4,2,3,5,4,3,4,2,4,5
2019-09-23T13:54:18Z,2019-09-23T14:31:59Z,0,100,2261,1,2019-09-23T14:32:04Z,R_Pwfyhw84LzhQwNP,anonymous,EN,107,3,5,4,6,6,7,5,3,7,6,5,5,5,2,4,6,4,6,4,1,6,4,4,7,3,7,3,2,2,3,2,3,1,2,2,3,3,2,2,2,2,3,3,2,1,4,2,1,1,1,1,1,1,1,1,1,1,1,1,1,1,1,1,1,1,1,1,4,5,4,6,7,7,7,2,5,2,4,2,3,3,4,2,4,5,3,2,4,2,5,4,3,2,4,4,4,2,3,2,5,2,3,4,2,2,4,2,2,4,2,4,4,4,4,4,4,2,4,4,4,5,5,2,5,2,4,5,4,4,4,2,2,1,4
2019-09-23T13:55:39Z,2019-09-23T14:32:52Z,0,100,2232,1,2019-09-23T14:32:56Z,R_1eCVjBxr6Jwelve,anonymous,EN,110,6,1,1,1,1,7,1,1,3,1,1,3,1,2,1,6,1,4,1,2,8,4,4,5,7,5,7,2,2,2,1,1,2,2,2,1,1,2,2,2,2,1,1,1,2,1,2,1,1,1,1,1,1,1,1,1,1,1,1,1,1,1,1,1,1,1,1,4,1,3,4,5,7,5,4,5,5,5,3,3,4,5,2,5,5,1,5,5,2,5,3,2,4,2,5,5,3,3,4,5,4,5,1,5,4,5,4,5,5,4,4,5,4,4,2,2,4,5,1,5,5,3,5,5,4,5,1,5,5,3,4,5,3,5
2019-09-23T13:55:17Z,2019-09-23T14:33:35Z,0,100,2298,1,2019-09-23T14:33:40Z,R_1LN0RzpcQz5rDli,anonymous,EN,109,6,2,2,1,1,4,3,2,5,5,5,2,3,1,4,5,3,3,4,2,5,4,2,3,3,4,6,2,2,2,2,2,2,2,2,3,2,3,2,2,3,2,3,2,2,2,1,2,1,2,2,2,2,1,1,1,2,2,1,2,1,2,1,2,1,2,1,2,3,2,4,6,4,3,4,3,5,4,4,2,5,4,3,3,3,4,5,4,4,3,3,4,4,3,5,3,2,3,4,2,4,2,2,4,4,3,4,2,3,3,4,4,4,2,2,2,4,4,4,3,4,4,4,3,2,2,2,4,5,3,3,4,4,4
2019-09-23T13:54:45Z,2019-09-23T14:34:40Z,0,100,2395,1,2019-09-23T14:34:41Z,R_NUzX9dPhm9JEcbn,anonymous,EN,108,7,6,4,4,1,7,1,7,7,2,1,7,1,7,1,7,1,7,2,7,8,7,4,5,5,6,5,1,1,1,1,1,1,1,1,1,1,1,1,1,2,1,1,1,1,1,1,1,1,1,1,1,1,1,1,1,1,1,1,1,1,1,1,1,1,1,1,7,3,5,7,6,7,6,4,5,2,5,4,4,3,5,1,3,5,5,5,5,3,3,4,3,3,4,1,5,3,2,4,5,3,3,4,4,4,5,2,4,5,1,3,4,2,3,3,2,4,5,3,3,4,2,2,5,4,5,5,5,1,4,3,3,2,5
2019-09-23T14:55:19Z,2019-09-23T15:17:29Z,0,100,1330,1,2019-09-23T15:17:30Z,R_1kFbYirYBezH74K,anonymous,EN,112,1,3,6,5,2,7,2,2,7,4,2,3,2,3,2,6,2,6,6,6,6,4,6,5,7,5,7,1,1,1,4,2,1,1,1,4,3,1,1,1,1,1,4,4,1,4,1,1,1,1,1,1,1,1,1,1,3,1,1,1,1,1,1,1,1,1,1,3,3,2,6,7,7,3,4,5,3,2,5,2,5,5,3,5,5,4,5,5,1,4,5,2,4,4,4,3,5,5,3,5,2,2,5,1,3,2,4,2,5,4,4,5,2,2,5,3,3,4,4,4,5,4,4,5,3,4,5,3,4,4,2,4,5,4
2019-09-23T14:54:36Z,2019-09-23T15:21:20Z,0,100,1604,1,2019-09-23T15:21:21Z,R_Z9SUOfqmxSkCfvj,anonymous,EN,111,2,5,5,3,2,5,3,2,6,4,2,2,3,3,2,2,3,4,6,2,7,6,5,5,5,4,7,5,5,5,4,4,5,4,4,4,5,5,4,5,4,5,5,3,5,4,4,1,1,1,1,1,1,1,1,1,1,2,1,2,1,1,1,1,1,1,2,5,3,2,5,7,3,1,2,5,3,4,4,2,2,4,4,5,4,1,5,5,4,5,2,1,4,2,5,3,4,3,1,4,4,4,5,2,1,3,2,4,2,3,4,4,4,4,5,2,3,5,4,3,5,3,4,4,4,5,5,2,5,4,1,4,4,2
2019-09-25T07:59:18Z,2019-09-25T08:33:08Z,0,100,2029,1,2019-09-25T08:33:08Z,R_1isP18NP3upwxNE,anonymous,EN,113,4,5,3,2,4,5,6,1,6,6,3,2,5,5,4,2,6,5,3,1,7,4,5,4,6,5,2,1,1,1,1,1,1,1,1,1,1,1,1,1,1,1,1,1,1,1,1,1,1,1,1,1,1,1,1,1,1,1,1,1,1,1,1,1,1,1,1,6,2,3,6,7,7,7,5,4,2,4,2,2,5,4,5,2,4,1,5,3,2,2,4,3,2,2,4,4,4,4,4,4,2,2,2,4,2,2,4,2,5,4,2,4,2,2,2,2,4,4,4,2,4,5,2,4,4,2,2,4,5,4,2,2,4,5
2019-09-25T08:00:10Z,2019-09-25T08:34:13Z,0,100,2042,1,2019-09-25T08:34:13Z,R_3KrnWbbE3Iwz97M,anonymous,EN,114,1,5,7,6,6,5,3,3,5,5,2,4,2,2,3,5,4,2,4,3,4,4,3,5,3,5,6,4,3,3,1,4,3,4,3,4,3,1,3,2,3,3,3,3,3,3,2,1,1,1,1,1,1,1,1,1,1,1,1,1,1,1,1,1,1,1,1,1,5,3,3,7,1,1,4,3,2,3,1,4,4,4,2,3,4,3,5,2,4,4,4,4,4,3,5,3,1,5,5,2,3,3,4,2,4,2,3,2,4,3,4,3,4,4,4,5,5,2,5,2,4,5,4,3,4,3,3,3,4,2,4,3,2,4
2019-09-25T08:36:30Z,2019-09-25T09:18:15Z,0,100,2504,1,2019-09-25T09:18:15Z,R_Qd0Bbdi0dImsbF7,anonymous,EN,116,2,4,5,4,5,6,5,2,6,6,5,3,5,2,2,6,6,6,6,3,6,3,3,5,5,6,5,3,4,3,1,3,3,3,4,2,2,4,4,4,2,2,4,1,4,2,3,1,1,1,1,1,1,1,1,1,1,1,1,1,1,1,1,1,1,1,1,5,4,2,4,7,5,6,5,5,5,4,4,4,4,5,2,4,4,4,4,4,4,3,4,3,4,5,5,4,2,5,1,5,3,4,5,5,3,5,2,3,4,3,3,2,4,4,4,4,4,5,4,4,4,4,2,4,4,5,5,4,4,5,4,4,5,5
2019-09-25T08:37:55Z,2019-09-25T09:18:20Z,0,100,2425,1,2019-09-25T09:18:21Z,R_3KMPbRWPjiQSOoV,anonymous,EN,118,1,5,5,6,5,7,5,5,6,5,5,5,5,6,3,5,5,2,3,2,6,3,5,5,4,5,1,1,1,2,2,2,2,1,2,2,2,1,1,1,1,2,2,2,1,1,1,1,1,1,1,1,1,1,1,1,1,1,1,1,1,1,1,1,1,1,1,2,2,2,4,3,5,3,4,5,4,4,2,2,5,5,4,5,5,5,5,5,1,4,3,3,4,4,4,3,4,4,4,4,4,4,2,4,4,5,4,4,4,4,4,5,2,4,3,4,4,2,4,2,4,2,4,5,2,2,2,4,4,4,1,5,5,5
2019-09-25T08:35:47Z,2019-09-25T09:18:24Z,0,100,2556,1,2019-09-25T09:18:24Z,R_UKEPupqbivXQhAR,anonymous,EN,115,1,5,7,6,7,3,2,2,5,4,3,2,5,1,4,5,4,2,5,1,6,2,2,4,4,4,5,1,2,2,2,3,2,1,1,3,2,1,2,2,1,2,3,2,2,3,1,1,1,1,2,2,1,1,1,1,1,1,2,1,2,2,1,2,1,1,2,2,2,1,3,7,4,4,5,4,2,4,3,3,5,4,2,4,4,3,4,4,2,4,4,3,4,3,4,4,4,4,4,4,3,3,4,2,3,4,4,2,3,3,4,2,3,2,2,4,4,4,2,4,5,4,4,4,2,4,4,2,5,4,2,4,4,4
2019-09-25T08:37:16Z,2019-09-25T09:19:22Z,0,100,2525,1,2019-09-25T09:19:23Z,R_9ZTHRHc1EcMaZYR,anonymous,EN,117,5,2,2,2,1,7,4,2,7,4,3,1,3,2,2,2,4,4,3,3,8,3,4,3,3,6,6,2,2,2,1,2,1,1,1,2,2,2,2,1,1,2,2,2,2,1,1,1,1,1,1,1,1,1,1,1,1,2,1,1,1,1,1,1,1,1,1,2,3,1,3,5,2,2,3,4,4,4,2,4,4,4,4,2,4,4,2,2,4,4,4,3,3,4,4,4,2,4,3,4,4,3,2,4,2,4,4,2,2,4,2,4,4,2,2,2,4,4,4,2,4,4,2,2,4,4,3,4,4,4,4,2,2,4
2019-09-25T12:52:43Z,2019-09-25T13:34:42Z,0,100,2518,1,2019-09-25T13:34:42Z,R_21Huan7VZ35Qjve,anonymous,EN,122,4,5,5,5,3,2,7,1,6,6,5,2,6,1,5,5,6,5,6,2,8,2,2,5,3,7,1,1,1,1,1,1,1,1,1,1,1,1,1,1,1,1,1,1,1,1,1,1,1,1,1,1,1,1,1,1,1,1,1,1,1,1,1,1,1,1,1,2,2,1,5,5,1,3,2,5,2,4,1,3,1,5,2,5,5,2,2,4,1,4,2,4,4,4,3,4,2,4,1,5,2,4,2,4,4,4,2,5,5,3,2,5,2,4,2,4,4,5,3,4,5,2,2,4,3,2,4,4,4,5,2,5,5,5
2019-09-25T12:52:05Z,2019-09-25T13:34:54Z,0,100,2568,1,2019-09-25T13:34:54Z,R_1Nm13VBJLlFaxP5,anonymous,EN,121,3,2,3,4,6,6,4,3,7,4,5,3,3,5,3,3,4,5,5,3,6,6,5,7,7,5,3,1,1,1,2,2,1,1,1,2,2,1,1,1,1,2,2,2,1,1,1,1,1,1,1,1,1,1,1,1,1,1,1,1,1,1,1,1,1,1,1,2,3,1,3,3,2,1,4,5,5,5,1,4,3,3,3,4,4,4,4,4,4,3,2,2,3,3,4,4,1,3,3,4,3,4,4,1,4,4,2,4,4,2,3,4,5,2,2,3,3,3,4,4,2,4,4,2,4,4,3,3,4,3,5,4,2,5
2019-09-25T12:50:53Z,2019-09-25T13:34:56Z,0,100,2642,1,2019-09-25T13:34:56Z,R_DUFcbYPBYalaJyN,anonymous,EN,119,1,5,5,5,7,6,4,4,7,6,1,2,1,1,4,2,5,5,4,7,8,6,4,5,6,6,7,1,1,2,1,1,1,1,1,1,1,1,2,2,1,1,1,1,1,1,1,1,1,1,1,1,1,1,1,1,1,1,1,1,1,1,1,1,1,1,1,5,2,1,5,7,4,2,4,4,3,5,4,3,5,5,2,4,5,3,5,5,3,4,2,2,2,5,5,5,4,3,2,5,2,4,3,5,4,5,3,4,4,5,4,5,2,4,1,4,2,5,4,4,4,4,3,3,2,5,3,3,5,5,4,3,2,5
2019-09-25T12:53:24Z,2019-09-25T13:37:05Z,0,100,2620,1,2019-09-25T13:37:05Z,R_2YYtyijiQoVG8eg,anonymous,EN,123,2,4,4,5,5,6,5,4,6,6,3,4,5,5,3,7,6,5,5,4,7,5,5,6,6,7,6,3,2,2,2,2,2,2,2,3,2,3,3,3,1,3,2,3,2,2,1,1,1,1,1,1,1,1,1,1,1,2,1,1,1,2,1,1,1,1,1,4,2,3,6,6,7,6,2,3,2,4,4,2,2,5,2,4,4,3,4,4,2,3,2,2,3,2,4,4,3,4,1,4,2,4,4,3,1,4,2,4,4,3,4,5,2,3,3,2,2,4,3,4,4,3,2,5,2,4,4,3,3,2,2,4,4,4
2019-09-25T12:51:27Z,2019-09-25T13:37:34Z,0,100,2766,1,2019-09-25T13:37:34Z,R_1CHADZYGG88NTt6,anonymous,EN,120,4,2,1,3,1,4,3,1,5,3,2,1,1,1,1,2,4,3,4,1,6,3,4,6,5,2,7,1,2,1,3,2,1,1,1,2,2,2,1,1,1,2,2,2,2,2,2,1,1,1,1,1,1,1,1,1,1,1,1,1,1,1,1,1,1,1,1,3,2,1,4,4,1,2,4,4,3,4,2,5,1,4,4,3,4,2,5,4,3,4,4,4,2,4,5,4,4,3,5,3,3,4,3,4,4,2,3,2,4,4,4,4,5,4,4,1,3,4,5,4,5,4,5,2,4,2,2,5,3,2,3,2,4,4
2019-09-25T12:54:01Z,2019-09-25T13:38:35Z,0,100,2674,1,2019-09-25T13:38:36Z,R_RWcmxaSVNuYn79f,anonymous,EN,124,6,4,2,1,1,7,4,4,6,5,4,3,5,2,3,1,5,4,3,2,8,4,5,3,6,7,6,1,1,1,1,1,2,1,1,1,1,1,1,1,1,1,3,1,1,2,1,1,1,1,1,1,1,1,1,1,1,1,1,1,1,1,1,1,1,1,1,4,2,1,6,7,7,6,5,2,3,4,2,2,5,4,4,4,4,2,5,4,3,4,4,2,4,3,3,4,4,3,4,4,3,4,4,2,4,4,4,4,4,3,4,4,4,3,2,2,4,3,2,4,4,3,5,2,2,4,4,2,5,2,2,4,4,2
2019-09-25T13:40:57Z,2019-09-25T14:21:19Z,0,100,2421,1,2019-09-25T14:21:19Z,R_3KBdzjcVIGpDtNb,anonymous,EN,125,2,5,5,5,5,4,2,2,4,2,2,3,2,2,2,5,3,3,3,3,6,3,4,4,5,5,4,2,4,2,3,2,4,3,2,4,2,2,3,2,2,3,3,2,3,4,4,1,2,1,2,2,2,1,1,2,2,2,3,2,2,3,2,2,2,1,2,2,4,1,5,6,5,3,3,4,4,5,2,4,2,4,2,3,5,3,2,4,4,4,2,3,3,4,5,4,5,2,2,4,4,4,2,4,2,4,2,2,4,2,3,4,3,2,2,2,4,4,4,2,4,4,3,3,2,4,2,2,2,4,4,4,2,4
2019-09-26T08:12:22Z,2019-09-26T08:34:02Z,0,100,1300,1,2019-09-26T08:34:03Z,R_wYjqKcMOmqRL4C5,anonymous,EN,129,1,5,5,5,5,7,4,1,7,4,4,4,4,7,4,2,4,5,4,3,8,4,3,6,4,2,7,1,1,1,1,1,1,2,1,2,1,1,2,2,1,2,2,1,1,1,1,1,1,1,1,1,1,1,1,1,1,1,2,1,1,1,1,1,1,1,1,2,4,5,4,5,4,6,3,3,2,3,4,4,2,4,1,1,4,4,4,4,2,3,2,2,3,3,2,2,2,4,4,3,3,1,4,4,2,4,2,2,4,4,2,4,4,2,2,3,4,2,4,2,4,2,3,2,3,3,3,4,2,3,3,2,3,4
2019-09-26T08:13:00Z,2019-09-26T08:34:40Z,0,100,1299,1,2019-09-26T08:34:40Z,R_3PWUxg75dPmfKdW,anonymous,EN,130,3,5,5,6,5,6,6,4,7,6,2,5,6,4,3,5,6,3,5,1,8,6,3,5,7,6,6,4,4,4,4,4,4,4,4,4,4,5,4,4,4,4,5,4,4,4,4,1,1,1,1,1,1,1,1,1,1,4,4,1,1,1,1,1,1,1,1,6,5,2,7,7,6,6,2,4,2,5,4,3,1,4,2,2,5,3,2,4,2,5,3,3,4,4,4,5,5,4,2,4,3,3,4,3,1,3,4,3,5,2,2,3,4,3,5,2,3,4,4,3,4,5,2,4,2,5,4,2,1,4,4,2,5,5
2019-09-26T08:13:36Z,2019-09-26T08:36:07Z,0,100,1351,1,2019-09-26T08:36:08Z,R_qJerHNaCPEtJ9p7,anonymous,EN,131,7,5,2,1,1,7,2,5,6,2,1,4,2,2,1,6,2,6,3,5,8,2,6,7,5,7,6,1,2,2,2,2,1,1,1,3,2,1,2,2,1,2,2,2,1,2,1,1,1,1,1,1,1,1,1,1,1,2,2,1,1,1,1,2,2,1,1,4,4,1,5,7,5,6,2,4,2,4,5,3,2,5,4,4,4,4,3,4,3,2,4,4,2,4,4,4,3,3,5,3,2,4,4,4,4,3,3,2,4,4,2,5,3,2,4,5,4,4,3,2,4,4,2,4,3,4,5,4,1,4,2,2,4,4
2019-09-26T08:10:44Z,2019-09-26T08:36:29Z,0,100,1545,1,2019-09-26T08:36:30Z,R_1jpHCVeRHXeanB1,anonymous,EN,126,2,5,5,7,6,6,6,2,7,6,3,2,5,7,5,5,6,5,5,4,6,5,2,5,5,6,5,2,3,3,2,3,2,2,2,2,2,2,3,3,2,2,3,3,2,2,3,2,2,2,2,2,2,2,2,2,2,2,2,2,2,2,2,2,2,2,2,4,3,2,4,4,4,2,4,4,2,2,2,1,2,4,2,3,5,1,3,4,2,3,3,2,2,1,3,3,2,3,3,4,2,2,3,4,3,3,2,2,5,2,2,4,4,3,2,3,3,2,3,3,3,2,2,4,3,2,3,3,4,2,2,3,2,1
2019-09-26T08:11:52Z,2019-09-26T08:37:05Z,0,100,1512,1,2019-09-26T08:37:06Z,R_23gkJtHNpYBt5oe,anonymous,EN,128,6,2,3,2,2,5,2,1,7,5,2,3,2,2,2,3,3,5,5,1,7,5,4,5,5,5,4,4,4,3,2,4,5,3,2,5,4,4,1,5,3,2,4,3,2,3,2,1,3,2,2,3,2,2,2,2,1,3,2,2,3,2,2,3,2,2,3,4,4,2,2,6,4,2,2,4,3,5,2,3,4,4,2,3,4,1,1,4,3,4,2,2,3,4,4,4,2,2,1,2,4,4,3,4,2,4,3,2,2,2,4,4,4,4,2,2,3,4,2,3,2,4,2,2,3,5,2,4,4,3,4,2,4,2
2019-09-26T08:11:22Z,2019-09-26T08:49:40Z,0,100,2297,1,2019-09-26T08:49:41Z,R_blWnbdMSN4pzkk1,anonymous,EN,127,1,5,1,5,7,3,6,6,7,6,3,5,3,5,2,2,6,5,6,5,6,5,6,6,5,5,6,2,2,2,2,2,2,2,2,2,2,2,2,2,2,2,2,2,2,2,2,1,1,1,1,1,1,1,1,1,1,2,2,1,1,2,1,2,1,1,1,6,6,5,5,7,6,5,4,3,1,4,3,4,4,4,3,2,4,4,2,4,2,2,2,2,3,4,3,3,2,3,2,2,2,3,3,4,2,3,4,2,3,2,4,4,3,2,2,3,3,4,3,3,2,3,1,4,2,4,3,4,4,3,3,2,4,4
2019-09-26T08:54:23Z,2019-09-26T09:17:35Z,0,100,1392,1,2019-09-26T09:17:36Z,R_2dj36piozEMoGSE,anonymous,EN,132,6,1,1,1,1,2,3,2,3,7,2,1,2,1,1,1,4,6,5,1,7,4,5,5,6,4,1,1,1,1,1,1,1,1,1,1,1,1,1,1,1,1,1,1,1,1,1,1,1,1,1,1,1,1,1,1,1,1,1,1,1,1,1,1,1,1,1,4,5,2,3,6,5,5,2,5,5,5,4,2,1,5,3,3,4,4,1,3,2,4,3,2,4,4,4,3,4,4,1,4,4,3,3,4,2,3,4,3,1,4,3,4,3,2,1,2,4,4,4,2,5,4,1,2,2,5,4,4,3,5,4,2,4,5
2019-09-26T08:56:01Z,2019-09-26T09:20:59Z,0,100,1497,1,2019-09-26T09:21:00Z,R_1j6RQGokl8kTuZg,anonymous,EN,135,3,2,2,2,7,5,2,4,7,2,1,5,5,2,2,3,3,3,3,4,7,3,4,7,5,4,5,4,4,4,4,4,4,4,3,6,5,5,3,4,4,3,6,5,4,3,4,1,1,1,2,3,2,1,1,3,2,1,3,4,3,4,1,4,1,4,1,7,4,1,7,7,5,4,1,4,3,4,3,3,3,3,3,2,3,3,1,4,3,3,3,4,3,4,4,3,2,3,1,3,2,3,4,3,3,3,3,3,3,3,3,3,3,3,3,2,3,3,4,2,4,3,1,2,4,3,4,5,1,3,3,2,3,3
2019-09-26T08:55:30Z,2019-09-26T09:22:27Z,0,100,1617,1,2019-09-26T09:22:28Z,R_1dc9ZGl9K680BJd,anonymous,EN,134,7,5,2,2,1,7,4,6,7,5,3,2,2,7,2,6,4,7,4,3,5,6,4,7,7,7,4,2,2,2,6,7,3,2,2,7,6,2,2,2,2,6,6,5,1,7,1,1,1,2,1,3,3,2,2,1,1,2,1,2,2,3,1,2,1,1,2,4,5,2,7,7,4,6,4,5,2,2,4,4,4,5,1,2,5,4,5,5,3,2,3,1,3,3,2,2,2,4,1,4,3,1,4,4,4,4,1,4,5,3,5,4,3,4,4,4,3,2,2,2,5,3,5,5,1,2,5,5,5,4,2,2,2,4
2019-09-26T08:54:55Z,2019-09-26T09:23:53Z,0,100,1738,1,2019-09-26T09:23:54Z,R_2Y4WHcrP8aP0bRw,anonymous,EN,133,2,6,6,7,7,7,3,7,4,2,1,3,3,2,1,7,3,4,3,2,7,4,5,1,6,7,4,1,1,1,1,1,1,1,1,1,1,1,1,1,1,1,1,1,1,1,1,1,1,1,1,1,1,1,1,1,1,1,1,1,1,1,1,1,1,1,1,4,2,1,4,5,6,4,4,5,2,4,4,2,1,4,4,3,4,1,2,5,4,4,4,3,4,3,5,4,3,4,1,4,2,4,5,4,2,4,4,2,4,3,4,4,2,4,2,3,3,4,4,3,5,4,2,4,2,4,5,4,3,4,4,2,4,4
2019-09-26T14:40:54Z,2019-09-26T15:03:38Z,0,100,1363,1,2019-09-26T15:03:38Z,R_3hGvuV4WKfBstjp,anonymous,EN,136,1,6,6,7,7,5,3,5,5,4,2,5,3,2,3,5,4,6,4,3,8,4,3,6,6,7,7,1,1,1,2,1,1,1,1,2,2,1,1,1,1,2,2,1,1,2,1,1,1,1,1,1,1,1,1,1,1,1,1,1,1,1,1,1,1,1,1,6,2,5,6,7,7,6,4,2,2,3,4,2,4,3,2,5,4,2,4,3,2,3,4,3,4,4,2,3,1,5,4,2,2,2,2,4,1,1,3,4,5,1,4,2,4,4,4,3,5,2,5,2,2,2,3,2,4,2,2,4,5,1,2,4,1,2
2019-09-27T10:57:29Z,2019-09-27T11:33:43Z,0,100,2174,1,2019-09-27T11:33:44Z,R_9ZWBhBeHHiG1bvr,anonymous,EN,139,2,3,6,5,7,7,5,1,6,7,2,4,6,6,4,7,7,1,5,6,8,5,3,4,7,7,5,2,3,3,2,3,2,2,1,3,3,2,2,2,2,4,3,2,2,4,3,1,1,1,1,1,1,1,1,1,1,1,1,1,1,1,1,1,1,1,1,4,2,2,3,7,6,5,2,5,1,4,4,3,2,5,5,4,5,5,1,5,2,2,2,2,4,4,5,4,5,5,1,5,4,4,4,2,1,5,5,1,5,2,4,5,4,3,3,3,3,5,5,5,5,4,3,5,4,4,5,5,1,4,3,1,5,5
2019-09-27T10:56:29Z,2019-09-27T11:33:58Z,0,100,2249,1,2019-09-27T11:33:59Z,R_3h0I6Saj8HLrAAy,anonymous,EN,137,3,5,5,6,5,7,4,4,6,3,3,3,4,5,4,4,4,5,3,6,6,6,4,5,6,3,7,3,3,4,1,1,3,3,3,2,2,3,3,3,2,1,1,1,3,3,3,1,1,1,1,1,1,1,1,3,2,2,2,3,1,1,1,1,1,1,1,7,4,2,7,6,6,6,2,5,4,4,4,2,2,4,2,2,5,1,4,3,1,4,5,2,3,1,3,4,3,3,3,4,4,3,2,3,1,3,3,4,4,3,2,3,2,3,5,3,3,1,3,3,5,1,3,5,3,2,4,3,2,4,2,3,4,4
2019-09-27T10:57:01Z,2019-09-27T11:35:02Z,0,100,2281,1,2019-09-27T11:35:03Z,R_2RagX4loCR5M9dA,anonymous,EN,138,6,2,2,2,1,5,5,7,7,7,6,3,5,7,6,5,6,4,6,6,6,7,3,5,7,6,7,2,3,3,2,4,3,3,3,4,5,5,3,1,3,3,5,2,3,3,2,1,1,1,1,1,1,1,1,1,1,1,2,2,1,1,1,1,1,1,3,6,5,3,6,7,7,4,5,5,2,4,1,2,3,2,2,5,4,5,2,4,2,2,2,2,2,4,3,3,2,4,5,4,3,2,4,4,2,4,2,4,4,3,2,4,2,2,2,3,2,4,3,2,5,5,2,2,4,5,4,2,1,2,4,5,4,5
2019-09-27T10:58:06Z,2019-09-27T11:35:47Z,0,100,2260,1,2019-09-27T11:35:47Z,R_DJhOhphAmbCPL33,anonymous,EN,140,1,6,6,6,6,7,4,4,5,6,3,1,3,1,2,5,6,4,5,1,7,5,3,7,6,4,7,1,2,1,1,1,1,1,1,3,1,3,2,1,1,1,4,1,1,2,1,1,1,1,1,1,1,1,1,1,1,1,1,1,1,2,1,1,1,1,2,7,3,3,7,7,7,5,5,5,2,2,5,4,4,5,1,1,5,4,5,5,2,1,5,2,4,3,3,4,4,4,1,5,2,2,1,5,5,5,4,1,5,3,4,5,5,1,5,2,4,5,3,2,5,4,5,5,3,2,5,5,5,3,4,1,5,5
2019-09-27T10:58:35Z,2019-09-27T11:37:35Z,0,100,2340,1,2019-09-27T11:37:36Z,R_qWbWcsPDaM9aL5L,anonymous,EN,141,2,6,6,7,6,6,3,6,7,5,1,3,5,7,5,6,3,6,3,7,8,5,6,7,7,6,7,2,3,3,2,3,2,2,2,3,3,2,2,2,3,4,4,3,2,3,2,1,1,2,2,2,1,2,1,2,1,4,2,2,1,4,2,4,3,3,3,7,5,2,7,7,7,7,5,4,1,4,4,2,4,5,1,2,5,1,4,4,1,2,5,4,4,2,1,4,2,3,5,2,2,3,4,2,5,1,4,2,2,2,4,5,4,2,1,2,4,2,2,2,5,4,4,2,1,2,2,2,5,2,1,2,1,1
2019-09-27T11:44:15Z,2019-09-27T12:13:57Z,0,100,1781,1,2019-09-27T12:13:57Z,R_AmHT8NQ9XMoRowF,anonymous,EN,143,2,5,5,6,6,7,7,7,7,7,6,7,6,6,4,5,4,3,5,5,4,3,3,6,6,6,6,3,5,4,2,4,3,3,3,7,7,7,7,4,7,7,7,7,7,5,7,3,2,4,7,3,4,3,2,1,4,4,7,7,4,7,7,7,7,7,7,3,7,3,3,5,6,6,3,3,3,3,3,3,3,3,3,3,3,3,3,3,3,3,3,3,3,3,3,3,3,3,3,3,3,3,3,3,3,3,3,3,3,3,3,3,3,3,3,3,3,3,3,3,3,3,3,3,3,3,3,3,3,3,3,3,3,3
2019-09-27T11:39:27Z,2019-09-27T12:20:47Z,0,100,2479,1,2019-09-27T12:20:47Z,R_sFIu6CBK43ay8Br,anonymous,EN,142,1,6,6,5,5,5,6,1,7,7,7,4,6,3,6,1,7,5,4,1,8,6,5,7,7,7,7,2,3,3,4,4,3,2,3,4,3,3,3,3,3,3,4,3,2,4,3,2,1,1,3,4,2,2,1,1,1,2,1,1,2,3,1,3,1,1,2,5,4,1,6,7,4,5,5,5,2,4,4,3,5,5,3,3,5,3,5,5,4,4,5,4,5,4,5,4,4,4,5,4,2,3,4,4,2,5,1,1,5,5,4,5,5,5,4,2,4,3,4,2,5,2,5,5,2,2,5,5,5,1,2,1,1,5
2019-09-27T11:44:37Z,2019-09-27T12:25:34Z,0,100,2456,1,2019-09-27T12:25:34Z,R_2OYEQETa7sYbeik,anonymous,EN,144,5,6,5,6,1,4,3,1,1,6,5,1,5,1,4,1,5,3,3,1,6,3,5,7,7,7,5,1,2,2,5,5,3,1,1,5,3,2,1,1,1,5,5,4,1,5,1,1,1,4,2,1,1,1,2,1,1,1,2,1,2,4,1,4,2,1,2,2,5,1,7,7,7,7,2,4,4,3,4,2,4,4,5,4,5,5,5,3,3,2,5,4,4,2,5,4,5,2,4,2,5,3,4,1,1,4,4,1,5,5,4,3,4,3,4,1,4,2,4,4,5,3,4,2,4,4,4,2,5,2,3,2,4,5
2019-09-27T12:32:07Z,2019-09-27T13:00:45Z,0,100,1717,1,2019-09-27T13:00:46Z,R_VWJUZA7KZZGbaOR,anonymous,EN,145,6,2,1,1,1,6,4,2,4,5,2,2,3,4,2,2,3,2,4,2,6,5,4,6,5,5,6,1,1,1,1,1,2,1,1,1,1,1,1,1,1,1,2,1,1,1,1,1,1,1,1,1,1,1,1,1,1,1,1,1,1,1,1,1,1,1,1,3,1,3,4,6,5,5,4,5,3,4,2,5,5,5,3,4,4,3,5,4,2,4,3,4,4,4,4,4,3,4,4,4,3,4,3,5,4,4,3,3,4,3,4,4,4,3,2,5,4,4,4,3,5,3,4,4,4,3,3,4,4,3,4,4,4,4
2019-09-27T12:32:22Z,2019-09-27T13:02:42Z,0,100,1820,1,2019-09-27T13:02:43Z,R_1Qg6MAIaFfP5vtY,anonymous,EN,146,1,4,4,4,6,5,5,4,5,6,4,3,4,3,4,5,5,4,5,4,7,4,5,3,5,5,6,2,4,5,3,4,2,2,3,5,3,3,2,5,3,4,5,4,3,4,2,1,1,1,1,1,1,1,1,1,1,1,2,1,2,3,2,2,2,1,2,3,3,2,7,7,6,7,4,4,2,4,4,3,2,4,3,4,5,2,3,4,2,4,4,2,3,3,3,4,4,3,2,4,2,4,4,3,2,3,2,3,4,3,4,3,2,4,3,2,4,2,3,4,5,2,3,3,4,3,5,3,4,3,2,2,3,4
